date,symbol,open,high,low,close,volume
2026-08-27,20MICRONS,223.39,223.39,215.1,216.37,152626.0
2026-08-27,21STCENMGM,42.35,42.35,41.74,42.0,4547.0
2026-08-27,360ONE,1194.0,1207.0,1191.7,1204.0,317442.0
2026-08-27,3BBLACKBIO,1310.0,1361.9,1310.0,1350.3,16388.0
2026-08-27,3MINDIA,33520.0,34515.0,33520.0,34245.0,3288.0
2026-08-27,3PLAND,32.0,32.4,31.55,31.87,3978.0
2026-08-27,5PAISA,376.95,377.05,370.0,371.15,18714.0
2026-08-27,63MOONS,778.6,784.5,739.1,745.45,195262.0
2026-08-27,A2ZINFRA,16.4,16.7,16.01,16.41,423268.0
2026-08-27,AAATECH,91.4,93.37,91.01,92.01,4547.0
2026-08-27,AADHARHFC,472.7,472.8,464.05,465.8,161831.0
2026-08-27,AAKASH,8.73,8.98,8.7,8.75,21147.0
2026-08-27,AAREYDRUGS,83.49,84.78,80.02,84.78,192944.0
2026-08-27,AARON,136.08,139.9,134.81,135.71,10460.0
2026-08-27,AARTIDRUGS,419.95,423.0,413.9,417.9,81669.0
2026-08-27,AARTIIND,542.95,543.0,534.55,538.9,531274.0
2026-08-27,AARTIPHARM,836.0,843.0,810.1,813.5,397741.0
2026-08-27,AARVI,150.59,151.93,144.01,145.07,11191.0
2026-08-27,AASTHA,88.37,88.37,88.36,88.36,2787093.0
2026-08-27,AAVAS,1279.4,1293.6,1257.9,1269.4,349968.0
2026-08-27,ABANSENT,27.88,29.3,27.11,27.51,6608.0
2026-08-27,ABB,7600.0,7693.0,7490.0,7490.0,189460.0
2026-08-27,ABBOTINDIA,26680.0,26695.0,26300.0,26350.0,4712.0
2026-08-27,ABCAPITAL,410.0,413.1,408.1,410.0,1578229.0
2026-08-27,ABCOTS,209.9,209.9,203.1,204.5,7494.0
2026-08-27,ABDL,619.9,621.2,605.0,607.5,161808.0
2026-08-27,ABFRL,54.53,54.8,53.47,53.64,3324887.0
2026-08-27,ABGSEC,115.24,115.24,114.11,114.15,395.0
2026-08-27,ABLBL,86.04,86.49,85.05,85.22,297838.0
2026-08-27,ABMKNO,187.1,193.0,182.01,187.21,1079.0
2026-08-27,ABREL,1400.0,1404.9,1380.0,1393.4,111296.0
2026-08-27,ABSL10BANK,172.04,172.51,169.24,170.07,7135.0
2026-08-27,ABSLAMC,1033.6,1054.9,1029.0,1046.5,377907.0
2026-08-27,ABSLBANETF,59.36,59.46,59.0,59.06,20293.0
2026-08-27,ABSLLIQUID,1000.0,1000.01,1000.0,1000.0,1654.0
2026-08-27,ABSLMSCIN,29.84,29.98,29.73,29.73,313.0
2026-08-27,ABSLNN50ET,78.68,78.74,77.49,77.53,16412.0
2026-08-27,ABSLPSE,10.2,10.2,10.08,10.11,140364.0
2026-08-27,ACC,1330.0,1335.0,1310.0,1310.6,67738.0
2026-08-27,ACCELYA,1142.0,1145.1,1128.1,1134.9,4730.0
2026-08-27,ACE,1164.3,1184.0,1128.2,1136.0,388332.0
2026-08-27,ACEINTEG,18.16,18.16,17.11,17.38,1130.0
2026-08-27,ACGL,1801.9,1807.0,1790.1,1805.3,378.0
2026-08-27,ACI,490.0,490.3,482.3,483.95,346464.0
2026-08-27,ACL,44.95,45.0,43.75,44.06,16516.0
2026-08-27,ACMESOLAR,395.85,400.95,376.3,386.3,1572541.0
2026-08-27,ACUTAAS,3258.0,3341.0,3257.0,3329.2,128415.0
2026-08-27,ADANIENSOL,1590.0,1617.7,1581.9,1617.0,4514708.0
2026-08-27,ADANIENT,3125.0,3169.0,3125.0,3169.0,1793570.0
2026-08-27,ADANIGREEN,1309.9,1328.5,1302.1,1328.5,811100.0
2026-08-27,ADANIPORTS,1703.0,1719.0,1691.2,1714.0,2044450.0
2026-08-27,ADANIPOWER,209.15,217.4,207.3,215.0,70024737.0
2026-08-27,ADDIND,82.66,90.0,80.0,86.7,800.0
2026-08-27,ADFFOODS,280.7,280.7,272.05,273.8,73656.0
2026-08-27,ADL,72.45,72.45,70.45,70.91,369.0
2026-08-27,ADOR,1529.0,1579.0,1529.0,1541.9,73103.0
2026-08-27,ADROITINFO,10.31,10.5,10.03,10.4,24530.0
2026-08-27,ADSL,109.7,109.79,107.0,107.53,76892.0
2026-08-27,ADVAIT,2147.7,2151.2,2105.7,2114.7,28614.0
2026-08-27,ADVANCE,123.2,123.2,119.89,120.32,66356.0
2026-08-27,ADVANIHOTR,49.81,50.81,49.26,49.92,8560.0
2026-08-27,ADVENTHTL,139.0,142.5,138.0,140.52,214699.0
2026-08-27,ADVENZYMES,297.8,300.65,295.7,297.6,202752.0
2026-08-27,ADVIKCA,1.19,1.21,1.18,1.19,199252.0
2026-08-27,AEGISLOG,1333.0,1333.2,1291.1,1298.0,411156.0
2026-08-27,AEGISVOPAK,264.15,267.2,258.3,263.5,852910.0
2026-08-27,AEPL,15.55,15.55,14.66,15.39,12516.0
2026-08-27,AEQUS,251.0,251.4,245.0,246.66,1923847.0
2026-08-27,AEROENTER,145.45,147.0,141.01,142.66,1011094.0
2026-08-27,AEROFLEX,536.8,539.2,515.3,522.1,1111371.0
2026-08-27,AERONEU,82.15,84.49,80.31,81.88,26169.0
2026-08-27,AEROPLANE,175.25,176.17,170.05,171.41,231566.0
2026-08-27,AETHER,1655.0,1696.1,1638.8,1677.3,200314.0
2026-08-27,AFCONS,284.0,288.8,284.0,285.05,250467.0
2026-08-27,AFFLE,1686.8,1699.5,1641.1,1650.3,169829.0
2026-08-27,AFIL,9.89,9.89,9.41,9.42,259544.0
2026-08-27,AFSL,201.88,202.4,201.12,202.04,3110.0
2026-08-27,AGARIND,467.25,474.4,464.0,465.5,22604.0
2026-08-27,AGARWALEYE,497.55,501.7,493.55,496.65,857671.0
2026-08-27,AGI,747.0,752.0,735.1,737.7,74008.0
2026-08-27,AGIIL,287.65,295.1,286.1,288.8,1434025.0
2026-08-27,AGL,14.22,14.85,14.22,14.34,2786057.0
2026-08-27,AGRITECH,103.36,104.89,101.0,101.11,2765.0
2026-08-27,AGROPHOS,26.02,27.7,26.02,27.04,13621.0
2026-08-27,AHCL,15.1,15.8,15.1,15.6,4430962.0
2026-08-27,AHLADA,38.69,39.0,37.21,38.47,16187.0
2026-08-27,AHLEAST,139.5,139.51,135.0,136.73,1870.0
2026-08-27,AHLUCONT,635.1,643.8,630.0,636.6,200044.0
2026-08-27,AIAENG,4288.0,4300.0,4223.0,4232.3,21571.0
2026-08-27,AIIL,561.6,567.3,550.3,553.9,136961.0
2026-08-27,AIRAN,14.86,16.56,14.18,14.81,187645.0
2026-08-27,AIROLAM,89.7,89.7,85.0,87.5,3549.0
2026-08-27,AJANTPHARM,3574.8,3574.8,3513.1,3543.6,49671.0
2026-08-27,AJAXENGG,581.5,582.5,575.05,579.1,50817.0
2026-08-27,AJMERA,118.0,119.74,115.73,116.98,402148.0
2026-08-27,AJOONI,3.94,3.95,3.78,3.79,222938.0
2026-08-27,AKASH,24.16,25.15,24.16,24.31,1980.0
2026-08-27,AKCAPIT,1761.7,1761.7,1685.0,1686.2,1302.0
2026-08-27,AKG,9.98,9.98,9.08,9.24,32487.0
2026-08-27,AKI,4.2,4.24,4.08,4.2,244846.0
2026-08-27,AKSHAR,0.43,0.44,0.42,0.42,1041592.0
2026-08-27,AKUMS,769.0,778.05,760.0,761.2,359949.0
2026-08-27,ALANKIT,8.25,8.25,7.71,7.91,66759.0
2026-08-27,ALBERTDAVD,869.9,899.0,861.0,890.25,8084.0
2026-08-27,ALEMBICLTD,99.0,104.45,97.85,102.77,2895906.0
2026-08-27,ALFREDHE,2900.9,3000.0,2900.9,2910.8,16.0
2026-08-27,ALGOQUANT,65.05,66.79,64.38,64.88,1270299.0
2026-08-27,ALICON,691.65,694.95,676.55,683.65,23794.0
2026-08-27,ALIVUS,1362.9,1400.0,1353.1,1358.2,60525.0
2026-08-27,ALKEM,5323.5,5358.5,5297.5,5320.0,166838.0
2026-08-27,ALKYLAMINE,2083.0,2089.4,2026.7,2045.0,59466.0
2026-08-27,ALLCARGO,13.01,13.16,12.4,12.57,23868911.0
2026-08-27,ALLDIGI,819.3,819.3,795.5,797.2,16931.0
2026-08-27,ALLTIME,206.18,208.6,202.0,206.36,114814.0
2026-08-27,ALMONDZ,14.55,16.5,14.55,16.15,774942.0
2026-08-27,ALOKINDS,11.35,11.35,9.55,10.43,60004535.0
2026-08-27,ALPA,62.8,62.8,60.61,61.18,7422.0
2026-08-27,ALPHA,55.35,55.59,55.0,55.08,1201572.0
2026-08-27,ALPHAETF,27.42,27.61,27.31,27.4,1641056.0
2026-08-27,ALPINETEX,56.08,56.49,55.35,55.67,124399.0
2026-08-27,ALPL30IETF,27.96,28.41,27.78,28.04,189711.0
2026-08-27,ALUFLUOR,454.1,467.1,454.0,458.5,3929.0
2026-08-27,AMAGI,585.95,590.3,575.55,578.45,171810.0
2026-08-27,AMAL,745.85,751.95,738.05,741.3,4782.0
2026-08-27,AMARJOTHI,160.5,160.5,159.0,160.0,153.0
2026-08-27,AMBER,7466.0,7760.0,7465.5,7701.0,610657.0
2026-08-27,AMBICAAGAR,24.46,27.49,24.46,24.97,920.0
2026-08-27,AMBIKCO,1651.9,1651.9,1628.0,1636.7,5586.0
2026-08-27,AMBUJACEM,420.0,422.5,411.05,411.05,1071242.0
2026-08-27,AMDIND,52.51,54.5,52.41,53.33,17333.0
2026-08-27,AMJLAND,38.68,39.43,38.68,39.22,9682.0
2026-08-27,AMNPLST,193.07,193.07,184.0,186.81,2281.0
2026-08-27,AMRUTANJAN,527.0,527.75,506.55,517.05,93176.0
2026-08-27,ANANDRATHI,2191.0,2195.0,2169.2,2182.9,124936.0
2026-08-27,ANANTRAJ,608.7,610.75,603.0,605.25,823699.0
2026-08-27,ANDHRAPAP,60.46,60.99,59.81,60.11,129859.0
2026-08-27,ANDHRSUGAR,99.0,99.49,95.0,95.45,434209.0
2026-08-27,ANDREWYU,28.65,29.62,27.56,27.99,278374.0
2026-08-27,ANGELONE,298.85,300.2,294.9,295.9,3766886.0
2026-08-27,ANIKINDS,47.4,47.7,46.5,46.5,5680.0
2026-08-27,ANMOL,10.16,10.16,9.67,9.99,15057.0
2026-08-27,ANNAPURNA,150.85,152.7,144.35,146.4,46443.0
2026-08-27,ANSALBU,73.5,85.69,72.01,85.69,263.0
2026-08-27,ANTELOPUS,787.0,793.85,778.0,781.2,46134.0
2026-08-27,ANTGRAPHIC,0.73,0.74,0.72,0.72,54840.0
2026-08-27,ANTHEM,928.0,942.6,918.65,924.6,1211725.0
2026-08-27,ANUHPHR,79.97,84.39,78.45,83.58,339632.0
2026-08-27,ANUP,1782.0,1819.7,1775.6,1801.3,31913.0
2026-08-27,ANURAS,1265.5,1270.0,1256.0,1259.8,136325.0
2026-08-27,AONEGOLD,15.05,15.05,14.47,14.65,1592797.0
2026-08-27,AONELIQUID,1074.34,1074.34,1074.32,1074.32,6798.0
2026-08-27,AONENIFTY,10.28,10.28,9.93,9.96,135846.0
2026-08-27,AONESILVER,9.24,9.24,8.97,9.04,759233.0
2026-08-27,AONETMMQ50,10.58,10.58,10.4,10.43,122907.0
2026-08-27,AONETOTAL,12.11,12.12,12.01,12.02,261393.0
2026-08-27,APARINDS,17190.0,18075.0,17189.0,17900.0,214866.0
2026-08-27,APCL,104.5,104.5,101.0,101.16,2129.0
2026-08-27,APCOTEXIND,615.0,622.0,608.0,611.65,84346.0
2026-08-27,APEX,385.5,390.0,381.0,383.45,129470.0
2026-08-27,APLAPOLLO,2159.0,2235.2,2154.9,2188.0,1061660.0
2026-08-27,APLLTD,825.0,848.95,816.1,824.0,285845.0
2026-08-27,APOLLO,386.0,392.45,385.8,386.35,4108063.0
2026-08-27,APOLLOHOSP,8849.0,8868.0,8758.5,8800.0,270047.0
2026-08-27,APOLLOPIPE,646.95,667.65,635.7,638.55,243918.0
2026-08-27,APOLLOTYRE,445.15,448.0,439.35,443.25,538426.0
2026-08-27,APOLSINHOT,1195.2,1260.4,1151.0,1235.3,2414.0
2026-08-27,APTUS,258.5,259.75,255.1,256.45,903961.0
2026-08-27,AQYLON,23.26,25.1,22.83,23.27,4774267.0
2026-08-27,ARCHIDPLY,114.95,114.99,102.26,103.04,113517.0
2026-08-27,ARCHIES,13.9,13.9,13.35,13.4,12809.0
2026-08-27,ARCL,234.45,234.45,223.0,232.0,161.0
2026-08-27,ARDEE,55.95,60.49,55.95,59.28,8140152.0
2026-08-27,ARE&M,920.5,926.35,910.1,911.9,342311.0
2026-08-27,ARENTERP,36.0,37.29,35.2,37.29,658.0
2026-08-27,ARFIN,84.25,85.77,84.05,85.4,942597.0
2026-08-27,ARIES,492.6,510.0,488.1,490.65,151168.0
2026-08-27,ARIHANT,970.0,1009.9,945.3,974.8,11973.0
2026-08-27,ARIHANTCAP,79.86,80.66,78.35,78.62,150781.0
2026-08-27,ARIHANTSUP,263.9,269.7,259.45,261.5,7478.0
2026-08-27,ARIS,149.04,150.7,143.25,143.89,1780386.0
2026-08-27,ARKADE,128.49,129.75,127.11,127.25,166111.0
2026-08-27,ARMANFIN,1975.0,1979.9,1955.0,1967.1,25618.0
2026-08-27,AROGRANITE,25.49,25.75,24.75,25.59,8920.0
2026-08-27,ARSSBL,529.7,529.7,515.0,517.05,77288.0
2026-08-27,ARTEMISMED,322.95,325.9,315.5,316.95,228372.0
2026-08-27,ARVEE,174.0,174.4,164.25,170.59,3030.0
2026-08-27,ARVIND,539.0,546.7,532.9,540.95,651136.0
2026-08-27,ARVINDFASN,445.0,451.05,437.05,449.4,137480.0
2026-08-27,ARVSMART,671.0,677.95,648.6,652.65,123741.0
2026-08-27,ARYAMAN,625.0,625.0,625.0,625.0,1.0
2026-08-27,ASAHIINDIA,950.1,961.9,941.15,951.25,91523.0
2026-08-27,ASAL,489.05,495.0,485.7,488.45,14769.0
2026-08-27,ASALCBR,732.25,732.45,711.85,716.4,13921.0
2026-08-27,ASHAPURMIN,591.0,596.65,575.0,578.05,327118.0
2026-08-27,ASHIANA,368.7,369.45,364.5,365.55,15013.0
2026-08-27,ASHIMASYN,17.95,19.7,17.95,18.87,263967.0
2026-08-27,ASHOKA,113.7,114.86,112.8,113.05,305638.0
2026-08-27,ASHOKAMET,13.55,13.58,13.0,13.51,12184.0
2026-08-27,ASHOKLEY,180.6,181.84,176.79,177.4,14150948.0
2026-08-27,ASIANENE,480.0,498.0,476.2,492.7,539333.0
2026-08-27,ASIANHOTNR,308.35,314.4,305.0,312.05,101028.0
2026-08-27,ASIANPAINT,2637.9,2655.9,2627.9,2631.0,525106.0
2026-08-27,ASIANTILES,47.0,47.55,46.77,47.02,3539428.0
2026-08-27,ASIANTNE,9.38,9.74,9.32,9.65,4657.0
2026-08-27,ASKAUTOLTD,620.9,620.9,603.1,606.05,116536.0
2026-08-27,ASPINWALL,259.92,269.06,258.0,261.26,3080.0
2026-08-27,ASTEC,594.05,596.75,583.8,585.9,13787.0
2026-08-27,ASTERDM,762.5,762.5,751.0,754.8,1730822.0
2026-08-27,ASTRAL,1526.1,1547.5,1521.3,1529.2,346093.0
2026-08-27,ASTRAMICRO,1707.1,1715.0,1680.7,1687.5,128292.0
2026-08-27,ASTRAZEN,7170.0,7200.0,7070.0,7136.0,6394.0
2026-08-27,ATALREAL,34.6,36.14,34.6,35.13,16250514.0
2026-08-27,ATAM,57.8,57.8,56.13,56.51,5973.0
2026-08-27,ATGL,643.0,647.25,639.05,645.35,734229.0
2026-08-27,ATHERENERG,1485.0,1513.0,1472.3,1495.3,2754306.0
2026-08-27,ATL,26.71,27.37,26.1,26.25,123304.0
2026-08-27,ATLANTAA,37.99,38.0,37.0,37.64,20034.0
2026-08-27,ATLANTAELE,1725.9,1725.9,1668.0,1674.9,96691.0
2026-08-27,ATLASCYCLE,95.61,97.1,95.61,96.28,1180.0
2026-08-27,ATUL,6568.0,6602.0,6481.0,6585.0,38284.0
2026-08-27,ATULAUTO,487.9,491.9,480.0,481.15,64301.0
2026-08-27,AUBANK,1117.4,1126.8,1088.0,1091.0,898558.0
2026-08-27,AURIONPRO,701.05,703.5,685.0,688.0,178058.0
2026-08-27,AUROPHARMA,1623.5,1637.0,1605.7,1637.0,717677.0
2026-08-27,AURUM,233.43,233.43,226.25,228.45,112758.0
2026-08-27,AURUS,4.55,4.61,4.55,4.57,4322.0
2026-08-27,AUSOMENT,145.55,149.0,142.11,147.25,13834.0
2026-08-27,AUSTENG,134.0,134.0,118.6,121.01,5096.0
2026-08-27,AUTOAXLES,1745.0,1774.5,1714.2,1723.6,2849.0
2026-08-27,AUTOBEES,304.12,304.12,298.25,298.96,175906.0
2026-08-27,AUTOIETF,30.3,31.0,29.61,29.99,356150.0
2026-08-27,AUTOIND,90.8,91.6,88.0,89.02,194083.0
2026-08-27,AVADHSUGAR,813.8,822.25,790.05,804.55,136563.0
2026-08-27,AVALON,2222.2,2280.0,2222.2,2256.6,281157.0
2026-08-27,AVANCE,0.89,0.9,0.87,0.87,5152468.0
2026-08-27,AVANTEL,156.83,159.34,156.31,158.05,534686.0
2026-08-27,AVANTIFEED,839.0,858.8,836.95,844.45,249143.0
2026-08-27,AVL,589.0,599.0,585.35,592.3,179649.0
2026-08-27,AVONMORE,14.2,14.44,13.5,13.68,135197.0
2026-08-27,AVROIND,9.3,9.43,9.01,9.29,236902.0
2026-08-27,AVTNPL,86.8,89.5,83.9,85.64,261183.0
2026-08-27,AWFIS,269.9,269.9,255.8,257.65,365185.0
2026-08-27,AWHCL,383.05,392.0,383.05,389.2,85317.0
2026-08-27,AWL,202.0,203.88,198.12,199.74,3440924.0
2026-08-27,AXISBANK,1260.0,1268.7,1251.4,1256.0,7005789.0
2026-08-27,AXISCADES,1615.0,1620.9,1590.0,1612.9,78410.0
2026-08-27,AXITA,8.09,8.11,7.8,7.98,2141370.0
2026-08-27,AXTEL,408.3,415.0,390.0,403.85,5613.0
2026-08-27,AYE,172.99,183.0,169.68,181.54,13672393.0
2026-08-27,AYMSYNTEX,253.9,257.45,249.1,250.25,9859.0
2026-08-27,AZAD,2838.0,2838.0,2785.0,2802.4,202086.0
2026-08-27,AZADIND,92.0,98.9,89.95,96.8,11894.0
2026-08-27,BAGFILMS,4.45,4.54,4.36,4.44,76241.0
2026-08-27,BAIDFIN,9.79,9.88,9.69,9.76,117995.0
2026-08-27,BAJAJ-AUTO,11750.0,11822.0,11618.0,11720.0,221294.0
2026-08-27,BAJAJCON,461.9,466.5,447.85,450.6,843825.0
2026-08-27,BAJAJELEC,340.6,342.6,333.7,334.8,100898.0
2026-08-27,BAJAJFINSV,2001.1,2026.6,1997.5,2011.0,526392.0
2026-08-27,BAJAJHCARE,323.7,327.4,318.1,320.9,80183.0
2026-08-27,BAJAJHFL,84.05,85.4,83.9,85.29,4358067.0
2026-08-27,BAJAJHIND,21.9,22.48,20.87,21.11,45877765.0
2026-08-27,BAJAJHLDNG,11440.0,11520.0,11331.0,11399.0,55310.0
2026-08-27,BAJAJINDEF,227.5,233.7,227.5,228.85,21154.0
2026-08-27,BAJAJST,351.2,359.0,351.2,357.4,5625.0
2026-08-27,BAJEL,189.53,198.5,188.0,194.53,780237.0
2026-08-27,BAJFINANCE,1090.0,1107.0,1083.0,1083.0,5220239.0
2026-08-27,BALAJEE,26.12,26.79,26.11,26.46,18201.0
2026-08-27,BALAJITELE,95.37,95.79,93.0,93.54,130118.0
2026-08-27,BALAMINES,2410.0,2458.7,2381.7,2425.8,234798.0
2026-08-27,BALAXI,22.3,22.94,22.3,22.44,6825.0
2026-08-27,BALKRISHNA,17.11,17.5,17.02,17.13,5373.0
2026-08-27,BALKRISIND,2340.2,2393.0,2330.1,2352.1,490664.0
2026-08-27,BALMLAWRIE,176.72,182.49,175.0,175.26,759686.0
2026-08-27,BALPHARMA,83.4,85.88,83.4,85.02,6257.0
2026-08-27,BALRAMCHIN,677.95,679.0,636.8,649.95,1870911.0
2026-08-27,BALUFORGE,641.0,648.0,626.5,632.9,2329733.0
2026-08-27,BANARBEADS,110.3,128.8,110.3,119.51,56286.0
2026-08-27,BANARISUG,3847.3,3857.5,3756.1,3766.4,1062.0
2026-08-27,BANCOINDIA,627.85,630.7,621.25,623.65,54297.0
2026-08-27,BANDHANBNK,174.0,174.5,169.5,169.7,4668712.0
2026-08-27,BANG,33.55,35.39,33.34,33.42,244797.0
2026-08-27,BANK10ADD,17.04,17.07,16.97,17.01,7162819.0
2026-08-27,BANK10BETF,20.84,21.04,20.76,20.95,1144.0
2026-08-27,BANKA,78.44,80.39,77.3,79.62,4726.0
2026-08-27,BANKADD,59.24,59.32,58.9,59.04,12387.0
2026-08-27,BANKBARODA,244.33,244.62,240.0,241.0,4454374.0
2026-08-27,BANKBEES,599.99,601.0,596.45,596.79,493847.0
2026-08-27,BANKBETA,61.36,61.36,58.67,59.58,23319.0
2026-08-27,BANKBETF,60.0,60.0,58.5,58.57,7340.0
2026-08-27,BANKETF,590.64,590.64,586.7,587.54,17290.0
2026-08-27,BANKIETF,59.01,59.6,59.01,59.24,228504.0
2026-08-27,BANKINDIA,146.0,146.45,143.7,144.6,4438065.0
2026-08-27,BANKNIFTY1,59.59,61.54,59.59,59.76,8106745.0
2026-08-27,BANKPSU,87.51,87.51,86.48,86.7,8350.0
2026-08-27,BANSALWIRE,320.5,326.0,315.35,316.95,37906.0
2026-08-27,BANSWRAS,117.0,119.8,115.5,118.46,32468.0
2026-08-27,BASF,3939.2,3939.2,3832.1,3846.1,12754.0
2026-08-27,BATAINDIA,686.95,687.65,678.8,681.6,115819.0
2026-08-27,BATLIBOI,85.5,87.38,83.6,85.03,25630.0
2026-08-27,BAYERCROP,4100.0,4100.0,4034.1,4067.9,15932.0
2026-08-27,BBETF0432,1354.23,1356.89,1341.2,1343.23,13265.0
2026-08-27,BBL,2339.3,2392.2,2339.3,2370.4,27598.0
2026-08-27,BBNPNBETF,60.05,60.05,57.9,57.9,1156.0
2026-08-27,BBNPPGOLD,157.0,157.0,150.85,151.8,23480.0
2026-08-27,BBOX,755.4,759.95,735.0,739.0,174909.0
2026-08-27,BBTC,1450.0,1639.0,1449.0,1613.6,14319956.0
2026-08-27,BBTCL,233.07,243.0,232.3,237.01,3220.0
2026-08-27,BCG,9.1,9.12,9.0,9.03,2937320.0
2026-08-27,BCLIND,37.55,37.61,36.87,37.02,471336.0
2026-08-27,BCONCEPTS,156.0,163.08,153.5,160.01,20738.0
2026-08-27,BCPL,68.6,70.79,68.6,69.42,4873.0
2026-08-27,BDL,1355.0,1366.5,1339.1,1348.6,445421.0
2026-08-27,BEARDSELL,27.98,27.98,25.61,26.52,26348.0
2026-08-27,BECTORFOOD,243.3,244.79,236.52,238.12,2239423.0
2026-08-27,BEDMUTHA,108.0,108.7,104.92,106.04,2151.0
2026-08-27,BEEKAY,434.9,449.0,426.15,427.25,1954.0
2026-08-27,BEL,410.8,412.9,408.0,411.0,9156009.0
2026-08-27,BELLACASA,250.0,250.0,237.25,246.74,19987.0
2026-08-27,BELRISE,231.0,232.0,228.6,229.22,1126822.0
2026-08-27,BEML,1945.0,1949.7,1914.5,1920.6,133220.0
2026-08-27,BENARAS,10275.0,10275.0,10081.0,10200.0,23.0
2026-08-27,BENGALASM,6162.0,6280.0,6140.0,6248.0,289.0
2026-08-27,BEPL,128.5,128.8,120.9,121.43,2815113.0
2026-08-27,BERGEPAINT,507.0,511.35,499.6,501.0,275124.0
2026-08-27,BESTAGRO,17.95,18.0,17.31,17.47,408422.0
2026-08-27,BETA,2261.0,2293.3,2179.3,2194.2,26249.0
2026-08-27,BFINVEST,450.3,450.9,440.0,442.95,20007.0
2026-08-27,BFSI,26.79,27.71,26.79,27.41,161617.0
2026-08-27,BFUTILITIE,516.6,533.0,496.0,502.55,72400.0
2026-08-27,BHAGCHEM,286.6,286.6,281.3,282.6,36932.0
2026-08-27,BHAGYANGR,385.05,391.7,380.0,382.9,52016.0
2026-08-27,BHANDARI,3.04,3.1,2.97,3.04,146566.0
2026-08-27,BHARATCOAL,34.3,34.65,34.1,34.17,2637511.0
2026-08-27,BHARATFORG,2006.0,2050.0,2006.0,2050.0,1465432.0
2026-08-27,BHARATRAS,1281.0,1284.5,1260.1,1272.6,8926.0
2026-08-27,BHARATSE,225.8,225.8,220.0,221.07,71277.0
2026-08-27,BHARATWIRE,186.25,188.94,184.24,187.64,187858.0
2026-08-27,BHARTIARTL,1915.0,1915.0,1878.3,1878.3,8757645.0
2026-08-27,BHARTIHEXA,1579.1,1598.2,1547.7,1551.1,38948.0
2026-08-27,BHEL,416.0,438.2,416.0,433.95,19967976.0
2026-08-27,BIGBLOC,43.27,43.49,42.5,42.67,25712.0
2026-08-27,BIKAJI,615.15,635.9,607.6,611.9,663473.0
2026-08-27,BIL,845.75,877.4,845.75,867.15,35867.0
2026-08-27,BIMETAL,630.0,630.1,600.0,618.5,579.0
2026-08-27,BIOCON,415.0,421.6,415.0,418.4,1713404.0
2026-08-27,BIOFILCHEM,33.39,33.39,32.12,32.8,127673.0
2026-08-27,BIRLACORPN,892.0,898.8,881.0,883.0,19226.0
2026-08-27,BIRLAMONEY,127.37,132.0,127.03,129.89,90025.0
2026-08-27,BIRLANU,1480.5,1500.0,1445.0,1450.8,7788.0
2026-08-27,BIRLAPREC,43.51,47.8,43.51,47.37,436978.0
2026-08-27,BLACKBUCK,602.7,602.75,585.8,588.2,324075.0
2026-08-27,BLAL,168.79,169.5,165.95,166.46,40101.0
2026-08-27,BLBLIMITED,15.87,16.18,15.75,16.04,79408.0
2026-08-27,BLEL,469.0,483.0,458.2,469.85,2844518.0
2026-08-27,BLIL,71.63,72.45,71.63,72.19,52156.0
2026-08-27,BLKASHYAP,55.0,57.75,54.99,56.47,1090699.0
2026-08-27,BLS,239.0,239.99,236.95,238.07,1208948.0
2026-08-27,BLSE,321.4,321.8,302.4,314.05,382378.0
2026-08-27,BLUECHIP,2.1,2.1,2.1,2.1,122.0
2026-08-27,BLUECLOUDS,20.64,20.85,19.9,20.43,4216077.0
2026-08-27,BLUEDART,5032.0,5050.0,4969.0,5005.5,16935.0
2026-08-27,BLUEJET,590.0,593.95,582.5,585.6,250159.0
2026-08-27,BLUESTARCO,1488.0,1509.9,1487.2,1497.0,128386.0
2026-08-27,BLUESTONE,797.0,819.85,792.95,800.5,586565.0
2026-08-27,BLUSPRING,128.9,133.88,125.02,131.56,352695.0
2026-08-27,BMWVENTLTD,57.0,57.24,56.5,56.95,36087.0
2026-08-27,BNAGROCHEM,219.05,234.95,219.05,233.9,32625.0
2026-08-27,BNKETFAXIS,598.44,598.44,594.0,594.58,166.0
2026-08-27,BOHRAIND,13.99,14.74,12.73,12.85,90454.0
2026-08-27,BOMDYEING,111.4,121.9,111.36,116.95,12306360.0
2026-08-27,BONLON,40.39,40.9,39.11,40.3,3325.0
2026-08-27,BORANA,315.7,316.0,309.1,310.15,17072.0
2026-08-27,BOROLTD,252.42,254.9,241.25,244.07,1072261.0
2026-08-27,BORORENEW,525.5,530.65,515.0,517.55,308464.0
2026-08-27,BOROSCI,127.07,128.17,125.25,125.89,36361.0
2026-08-27,BOSCH-HCIL,1714.1,1732.0,1660.0,1667.6,31224.0
2026-08-27,BOSCHLTD,48945.0,48945.0,48460.0,48780.0,28795.0
2026-08-27,BPCL,319.15,320.85,315.0,318.0,4497571.0
2026-08-27,BPL,51.99,52.69,51.6,51.79,31024.0
2026-08-27,BPLPHARMA,1649.0,1649.0,1480.2,1496.6,1177.0
2026-08-27,BRAHMINFRA,163.9,163.9,156.45,156.86,5878.0
2026-08-27,BRIGADE,655.15,660.25,648.0,656.75,234455.0
2026-08-27,BRIGHOTEL,60.06,60.55,59.44,59.57,55401.0
2026-08-27,BRIGHTBR,262.64,268.8,253.35,263.83,276.0
2026-08-27,BRITANNIA,5315.0,5360.5,5277.5,5298.0,222346.0
2026-08-27,BRNL,17.02,17.4,17.02,17.29,18991.0
2026-08-27,BSE,3344.0,3386.6,3312.1,3328.0,2498105.0
2026-08-27,BSE500IETF,39.94,40.03,39.55,39.69,146764.0
2026-08-27,BSHSL,90.6,91.0,88.0,89.08,5768.0
2026-08-27,BSL,123.0,123.8,121.23,123.42,3420.0
2026-08-27,BSLGOLDETF,144.46,144.46,136.65,138.75,672313.0
2026-08-27,BSLNIFTY,28.8,28.8,28.32,28.4,892247.0
2026-08-27,BSLSENETFG,77.03,78.84,76.99,77.93,2594.0
2026-08-27,BSOFT,295.6,295.6,287.25,287.95,816795.0
2026-08-27,BTML,8.89,9.08,8.7,8.98,595859.0
2026-08-27,BUILDPRO,1245.0,1259.0,1225.1,1242.1,33871.0
2026-08-27,BURNPUR,14.01,14.69,14.0,14.69,199727.0
2026-08-27,BUTTERFLY,640.0,641.4,625.0,627.75,6732.0
2026-08-27,BVCL,46.0,46.0,43.01,43.57,320476.0
2026-08-27,CALSOFT,33.81,33.81,32.3,33.81,1106010.0
2026-08-27,CAMLINFINE,106.59,106.59,102.5,102.94,826195.0
2026-08-27,CAMPUS,225.17,227.34,222.15,224.99,211614.0
2026-08-27,CAMS,748.0,753.0,740.2,740.9,653884.0
2026-08-27,CANBK,131.43,131.43,127.7,128.14,10921428.0
2026-08-27,CANFINHOME,802.0,809.35,799.0,803.8,131463.0
2026-08-27,CANHLIFE,154.0,159.9,152.31,156.89,3945084.0
2026-08-27,CANTABIL,247.0,254.4,243.62,246.52,78071.0
2026-08-27,CAPACITE,226.5,231.5,221.73,223.16,1225181.0
2026-08-27,CAPILLARY,506.6,511.7,493.7,508.95,368041.0
2026-08-27,CAPITALSFB,284.25,297.3,282.2,283.95,54058.0
2026-08-27,CAPLIPOINT,2529.9,2548.1,2500.7,2540.7,40296.0
2026-08-27,CARBORUNIV,1114.9,1119.2,1100.0,1103.2,139357.0
2026-08-27,CARERATING,1660.0,1673.8,1631.0,1633.7,20543.0
2026-08-27,CARRARO,538.75,550.2,534.8,544.05,146358.0
2026-08-27,CARTRADE,3125.0,3254.0,3060.0,3080.2,669508.0
2026-08-27,CARYSIL,1144.9,1147.9,1110.8,1116.3,100034.0
2026-08-27,CASHIETF,1077.02,1077.02,1077.0,1077.01,1788860.0
2026-08-27,CASTROLIND,186.56,187.4,184.9,185.27,2163286.0
2026-08-27,CCAVENUE,15.45,15.45,15.11,15.22,6810567.0
2026-08-27,CCCL,15.05,15.18,14.96,14.98,185633.0
2026-08-27,CCHHL,12.73,13.13,12.73,12.86,7776.0
2026-08-27,CCL,1095.2,1115.0,1090.4,1111.5,177598.0
2026-08-27,CDSL,1440.0,1445.0,1405.1,1410.8,1543936.0
2026-08-27,CEATLTD,3585.2,3599.1,3500.0,3510.6,46998.0
2026-08-27,CEIGALL,339.0,342.0,331.15,341.05,695122.0
2026-08-27,CEINSYS,731.8,744.0,719.8,727.0,37637.0
2026-08-27,CELEBRITY,6.83,6.9,6.61,6.88,24766.0
2026-08-27,CELLO,355.9,355.9,349.05,350.4,214560.0
2026-08-27,CEMNTGROWW,15.16,15.18,14.91,14.97,62182.0
2026-08-27,CEMPRO,1280.0,1293.0,1241.1,1251.2,209870.0
2026-08-27,CENTENKA,560.0,560.0,545.1,547.3,33256.0
2026-08-27,CENTEXT,22.6,22.71,22.17,22.59,128792.0
2026-08-27,CENTRALBK,31.0,31.06,30.58,30.65,5856063.0
2026-08-27,CENTRUM,23.29,23.39,22.92,23.09,150274.0
2026-08-27,CENTUM,3349.5,3444.0,3349.5,3401.9,42422.0
2026-08-27,CENTURYPLY,743.05,761.0,742.1,751.75,55312.0
2026-08-27,CERA,5717.0,5825.0,5650.0,5662.0,8155.0
2026-08-27,CESC,153.35,154.17,151.5,152.13,884391.0
2026-08-27,CEWATER,273.0,274.65,265.05,266.25,44998.0
2026-08-27,CFEL,32.8,33.12,31.52,31.63,13940.0
2026-08-27,CGCL,254.95,254.95,243.85,244.8,4059351.0
2026-08-27,CGPOWER,871.4,898.75,870.2,897.9,5431054.0
2026-08-27,CGVAK,150.5,150.5,146.93,148.15,2206.0
2026-08-27,CHALET,912.0,913.15,890.5,910.3,122466.0
2026-08-27,CHAMBLFERT,428.05,429.3,424.1,424.75,493439.0
2026-08-27,CHEMBOND,170.0,178.0,166.51,173.59,3656.0
2026-08-27,CHEMCRUX,87.5,87.5,83.1,83.98,5867.0
2026-08-27,CHEMFAB,366.1,373.95,352.0,358.9,3024.0
2026-08-27,CHEMICAL,30.61,30.79,30.44,30.51,191803.0
2026-08-27,CHEMPLASTS,179.0,181.59,175.0,178.65,168014.0
2026-08-27,CHENNPETRO,1375.0,1390.0,1350.0,1352.4,579400.0
2026-08-27,CHEVIOT,1148.0,1156.0,1134.0,1135.8,1360.0
2026-08-27,CHOICEGOLD,158.86,158.98,154.0,156.51,23959.0
2026-08-27,CHOICEIN,781.0,784.2,773.5,775.05,189310.0
2026-08-27,CHOLAFIN,1872.0,1891.7,1860.8,1875.4,942441.0
2026-08-27,CHOLAHLDNG,1546.0,1556.2,1511.9,1517.2,82278.0
2026-08-27,CIEINDIA,400.0,400.0,393.9,394.5,79832.0
2026-08-27,CIFL,20.14,20.89,20.14,20.74,14648.0
2026-08-27,CINELINE,90.69,90.7,88.16,89.37,9587.0
2026-08-27,CINEVISTA,14.73,14.73,14.16,14.18,8518.0
2026-08-27,CIPLA,1405.0,1420.0,1402.1,1420.0,533212.0
2026-08-27,CLEAN,829.0,832.95,816.2,830.05,202595.0
2026-08-27,CLEANMAX,1182.3,1283.5,1182.3,1274.6,285516.0
2026-08-27,CLSEL,313.2,313.35,294.05,295.2,258010.0
2026-08-27,CMLL,514.5,517.0,509.0,511.35,185226.0
2026-08-27,CMPDI,232.2,236.03,228.78,229.97,650668.0
2026-08-27,CMRGREEN,218.98,221.9,216.56,221.07,434990.0
2026-08-27,CMSINFO,247.0,248.3,239.0,239.95,985514.0
2026-08-27,CNL,1214.5,1238.3,1175.75,1207.95,23472.0
2026-08-27,COALINDIA,403.5,404.95,398.4,400.0,4430005.0
2026-08-27,COASTCORP,40.69,41.09,40.2,40.62,41001.0
2026-08-27,COCHINSHIP,1554.0,1577.9,1534.0,1543.0,1334290.0
2026-08-27,COCKERILL,8122.0,8190.0,8067.5,8089.5,4588.0
2026-08-27,COFORGE,1884.9,1909.1,1881.0,1901.8,1759661.0
2026-08-27,COHANCE,462.0,464.9,452.5,454.0,308834.0
2026-08-27,COLPAL,1864.8,1876.1,1841.0,1845.0,290751.0
2026-08-27,COMFINTE,6.08,6.23,5.92,5.93,226033.0
2026-08-27,COMMOIETF,100.6,100.99,99.79,100.2,16939.0
2026-08-27,COMPEAU,362.0,362.0,345.5,348.05,301.0
2026-08-27,COMPUSOFT,13.37,13.55,13.25,13.47,28431.0
2026-08-27,COMSYN,287.05,290.04,277.49,283.75,46730.0
2026-08-27,CONCOR,517.0,518.0,493.05,493.05,651195.0
2026-08-27,CONCORDBIO,1537.0,1546.4,1471.7,1481.9,184371.0
2026-08-27,CONFIPET,79.66,80.86,78.22,79.01,2291261.0
2026-08-27,CONS,12.35,12.38,12.3,12.32,14348.0
2026-08-27,CONSUMAXIS,123.36,123.46,122.41,122.9,852.0
2026-08-27,CONSUMBEES,134.28,134.28,133.01,133.22,48955.0
2026-08-27,CONSUMER,12.61,12.61,12.29,12.31,143065.0
2026-08-27,CONSUMIETF,124.29,124.37,123.58,124.16,23135.0
2026-08-27,CONTROLPR,603.25,605.95,593.05,596.7,11828.0
2026-08-27,CORALFINAC,34.82,35.0,33.51,33.8,57241.0
2026-08-27,CORDELIA,107.05,107.05,104.05,105.0,2571955.0
2026-08-27,COROMANDEL,1950.0,1963.4,1923.1,1928.4,119821.0
2026-08-27,CORONA,2102.0,2103.1,2075.3,2083.2,5743.0
2026-08-27,COSMOFIRST,921.0,945.5,915.75,942.05,76944.0
2026-08-27,CPCAP,118.66,118.66,112.0,112.73,15693.0
2026-08-27,CPEDU,185.0,195.9,178.0,192.21,10392.0
2026-08-27,CPL,65.12,66.89,64.11,64.76,124293.0
2026-08-27,CPPLUS,3530.3,3650.0,3500.0,3629.7,297754.0
2026-08-27,CPSEETF,93.59,93.78,92.41,92.59,1259923.0
2026-08-27,CRAFTSMAN,10564.5,10929.5,10473.0,10898.0,46789.0
2026-08-27,CRAMC,260.0,261.0,256.05,258.9,375586.0
2026-08-27,CRAVATEX,330.0,335.0,328.3,332.6,76.0
2026-08-27,CREATIVEYE,6.34,6.34,5.91,6.06,12735.0
2026-08-27,CREDITACC,1440.2,1446.2,1408.6,1425.9,384049.0
2026-08-27,CREST,363.0,390.0,363.0,371.85,4173.0
2026-08-27,CRISIL,4504.9,4715.0,4500.0,4703.2,170325.0
2026-08-27,CRIZAC,178.75,178.75,175.36,175.78,93758.0
2026-08-27,CROMPTON,238.55,240.6,237.55,237.9,4429720.0
2026-08-27,CROWN,106.0,106.0,103.5,105.1,1076.0
2026-08-27,CSBBANK,345.8,355.55,345.8,348.8,550978.0
2026-08-27,CSLFINANCE,233.0,233.0,225.0,226.87,16640.0
2026-08-27,CSM,96.85,97.6,96.21,97.14,96576.0
2026-08-27,CUB,225.7,230.7,225.14,229.23,2031290.0
2026-08-27,CUBEXTUB,77.95,78.16,76.25,76.43,34198.0
2026-08-27,CUMMINSIND,5225.0,5270.0,5141.5,5190.0,553728.0
2026-08-27,CUPID,284.89,285.6,272.11,276.65,19879463.0
2026-08-27,CURAA,69.2,69.99,68.5,69.27,92.0
2026-08-27,CYBERMEDIA,18.01,19.0,17.57,18.41,22560.0
2026-08-27,CYIENT,1045.0,1059.0,1028.0,1052.7,2172515.0
2026-08-27,CYIENTDLM,800.0,814.25,792.05,810.4,632549.0
2026-08-27,DABUR,393.5,394.8,386.05,386.2,1282102.0
2026-08-27,DAICHI,344.0,345.15,331.3,331.9,2081.0
2026-08-27,DALBHARAT,1874.9,1905.0,1859.2,1876.2,211084.0
2026-08-27,DALMIASUG,484.0,489.35,471.2,474.55,177301.0
2026-08-27,DAMCAPITAL,150.78,152.99,148.22,149.12,208302.0
2026-08-27,DANGEE,2.88,2.92,2.78,2.87,41132.0
2026-08-27,DATAMATICS,790.1,801.55,787.55,790.8,23531.0
2026-08-27,DATAPATTNS,4755.0,4766.2,4637.2,4666.7,443386.0
2026-08-27,DAVANGERE,2.63,2.65,2.12,2.12,39355327.0
2026-08-27,DBCORP,204.92,205.92,202.21,205.17,40384.0
2026-08-27,DBL,414.0,416.6,406.05,407.55,83249.0
2026-08-27,DBOL,127.73,130.09,121.98,123.34,307475.0
2026-08-27,DBREALTY,107.0,109.65,106.07,106.85,1335069.0
2026-08-27,DCAL,176.0,177.74,174.61,177.22,236981.0
2026-08-27,DCBBANK,214.5,220.5,214.5,217.51,9712688.0
2026-08-27,DCI,408.8,418.0,402.0,413.85,50993.0
2026-08-27,DCMFINSERV,5.34,5.44,5.27,5.43,3239.0
2026-08-27,DCMNVL,182.55,198.58,182.55,190.98,46978.0
2026-08-27,DCMSHRIRAM,1069.0,1079.0,1021.0,1028.4,67889.0
2026-08-27,DCMSIL,76.7,76.7,71.0,73.26,60094.0
2026-08-27,DCMSRIND,47.61,49.39,46.11,46.77,191558.0
2026-08-27,DCW,46.88,47.0,45.68,45.95,609175.0
2026-08-27,DCXINDIA,175.99,178.52,173.0,173.99,474521.0
2026-08-27,DDEVPLSTIK,278.95,280.0,275.6,278.7,56523.0
2026-08-27,DECCANCE,572.1,580.05,568.1,575.15,11892.0
2026-08-27,DECNGOLD,231.8,231.8,222.02,229.37,2139149.0
2026-08-27,DEEDEV,654.75,668.85,632.25,635.8,316732.0
2026-08-27,DEEP,37.9,37.9,36.65,37.44,4111.0
2026-08-27,DEEPAKFERT,1484.5,1484.6,1450.0,1455.3,111196.0
2026-08-27,DEEPAKNTR,1787.0,1787.0,1738.2,1752.8,228604.0
2026-08-27,DEEPINDS,667.0,675.0,656.15,667.35,194771.0
2026-08-27,DEFENCE,82.75,83.15,81.11,82.74,225466.0
2026-08-27,DELHIVERY,450.0,466.65,449.15,466.0,4020754.0
2026-08-27,DELTACORP,61.17,61.19,59.57,59.84,376445.0
2026-08-27,DELTAMAGNT,59.6,59.6,55.4,57.22,5090.0
2026-08-27,DEN,28.0,28.88,27.71,28.12,462919.0
2026-08-27,DENORA,812.35,833.9,807.1,832.35,3143.0
2026-08-27,DENTA,287.0,294.85,282.6,284.5,119460.0
2026-08-27,DEVIT,25.49,25.61,24.52,24.86,34292.0
2026-08-27,DEVX,34.99,35.4,34.16,34.98,125803.0
2026-08-27,DEVYANI,151.8,155.95,145.0,146.11,10309728.0
2026-08-27,DGCONTENT,24.2,24.59,23.81,24.0,2514.0
2026-08-27,DHAMPURSUG,186.0,186.2,170.1,170.92,1243818.0
2026-08-27,DHANBANK,33.3,34.8,32.5,32.72,461956.0
2026-08-27,DHANUKA,987.6,990.0,981.6,985.8,8006.0
2026-08-27,DHARMAJ,268.0,273.0,265.65,270.8,104452.0
2026-08-27,DHATRE,4.23,4.56,4.21,4.32,12036.0
2026-08-27,DHOOTTRANS,1577.05,1584.85,1473.0,1499.85,3496927.0
2026-08-27,DHRUV,24.6,24.6,23.78,24.2,5561.0
2026-08-27,DHUNINV,1105.0,1130.0,1037.0,1046.5,11119.0
2026-08-27,DIAMINESQ,245.24,246.0,240.16,244.38,4174.0
2026-08-27,DIAMONDYD,1168.2,1187.2,1158.4,1175.0,35814.0
2026-08-27,DICIND,607.4,619.9,593.55,601.3,8279.0
2026-08-27,DIFFNKG,391.0,404.8,390.05,402.55,79652.0
2026-08-27,DIGIDRIVE,17.95,18.5,17.52,17.77,17538.0
2026-08-27,DIGISPICE,17.15,17.15,16.64,16.99,53031.0
2026-08-27,DIGITIDE,101.9,103.25,99.24,102.44,317725.0
2026-08-27,DIGJAMLMTD,52.0,52.5,51.2,52.0,2268.0
2026-08-27,DISAQ,11915.0,12099.0,11400.0,11590.0,389.0
2026-08-27,DISHTV,2.75,2.75,2.72,2.73,755278.0
2026-08-27,DIVGIITTS,1185.5,1207.4,1143.2,1195.5,68404.0
2026-08-27,DIVIDEND,35.84,35.84,35.52,35.57,8233.0
2026-08-27,DIVISLAB,9045.0,9150.0,9035.0,9060.0,527307.0
2026-08-27,DIVOPPBEES,77.36,78.6,76.35,77.32,34071.0
2026-08-27,DIXON,14735.0,14849.0,14684.0,14711.0,279395.0
2026-08-27,DJML,76.0,76.0,72.02,73.08,182313.0
2026-08-27,DLF,679.0,687.5,673.55,676.15,1765924.0
2026-08-27,DLINKINDIA,442.7,446.45,436.9,438.0,53887.0
2026-08-27,DMART,3820.0,3874.4,3818.0,3847.4,416843.0
2026-08-27,DMCC,288.2,288.2,277.0,279.1,32174.0
2026-08-27,DNAMEDIA,2.58,2.64,2.55,2.6,8995.0
2026-08-27,DODLA,1092.0,1098.8,1073.6,1090.5,18952.0
2026-08-27,DOLATALGO,75.96,76.99,73.16,73.76,288115.0
2026-08-27,DOLLAR,271.9,271.9,264.6,265.25,36835.0
2026-08-27,DOLPHIN,613.0,640.0,613.0,628.2,52709.0
2026-08-27,DOMS,2209.0,2235.0,2201.2,2214.9,13731.0
2026-08-27,DONEAR,85.5,85.5,83.62,84.46,7674.0
2026-08-27,DPABHUSHAN,1515.9,1533.0,1485.4,1521.2,26341.0
2026-08-27,DRAGARWQ,5248.0,5324.0,5151.0,5176.5,1492.0
2026-08-27,DRCSYSTEMS,12.94,12.94,12.56,12.79,15496.0
2026-08-27,DREAMFOLKS,69.2,69.8,67.12,67.31,29972.0
2026-08-27,DREDGECORP,1138.6,1138.6,1104.9,1115.8,70849.0
2026-08-27,DRREDDY,1182.0,1191.9,1169.4,1177.0,1044405.0
2026-08-27,DSSL,1073.5,1094.3,1069.2,1078.0,18453.0
2026-08-27,DTIL,188.4,193.79,170.27,173.94,279721.0
2026-08-27,DUCON,2.34,2.4,2.16,2.17,2072072.0
2026-08-27,DVL,300.0,300.0,279.68,293.97,48383.0
2026-08-27,DWARKESH,54.09,55.5,50.49,51.18,3534020.0
2026-08-27,DYCL,457.2,461.45,446.3,448.25,236905.0
2026-08-27,DYNAMATECH,11495.0,11848.0,11411.0,11497.0,10773.0
2026-08-27,DYNPRO,234.55,234.95,231.35,232.4,7205.0
2026-08-27,EASEMYTRIP,6.18,6.19,6.08,6.1,5713718.0
2026-08-27,EASTWEST,2.55,2.65,2.44,2.49,18976.0
2026-08-27,EBANK10,17.01,17.01,16.8,16.94,1194.0
2026-08-27,EBANKNIFTY,57.36,58.47,57.36,58.27,2526.0
2026-08-27,EBBETF0430,1602.18,1612.8,1602.17,1606.16,33359.0
2026-08-27,EBBETF0431,1432.01,1434.98,1430.0,1432.87,4299.0
2026-08-27,EBBETF0433,1310.0,1314.89,1310.0,1310.98,1653.0
2026-08-27,EBGNG,578.0,588.85,572.0,580.25,228142.0
2026-08-27,EBIX,21.9,22.18,20.57,21.5,75019.0
2026-08-27,ECAPINSURE,24.5,24.55,24.29,24.45,26459.0
2026-08-27,ECLERX,1942.0,1972.2,1915.3,1940.9,181165.0
2026-08-27,ECORECO,455.5,465.0,452.4,459.95,8284.0
2026-08-27,EDELWEISS,127.7,128.64,124.1,124.61,3254716.0
2026-08-27,EFCIL,206.1,211.5,198.37,198.72,273995.0
2026-08-27,EGOLD,159.8,160.0,154.9,157.15,208247.0
2026-08-27,EICHERMOT,8015.0,8105.5,7987.0,8100.0,369462.0
2026-08-27,EIDPARRY,788.6,805.9,786.55,795.3,357257.0
2026-08-27,EIEL,201.49,204.3,198.81,201.04,554248.0
2026-08-27,EIHAHOTELS,303.7,306.7,300.1,302.55,10449.0
2026-08-27,EIHOTEL,302.0,304.45,294.85,300.05,367367.0
2026-08-27,EIMCOELECO,2205.6,2233.9,2176.0,2211.2,38142.0
2026-08-27,EKC,110.15,110.79,108.5,109.16,86505.0
2026-08-27,EKI,77.0,78.0,76.01,77.24,7579.0
2026-08-27,ELANTAS,11670.5,11700.0,11528.0,11583.5,1333.0
2026-08-27,ELCIDIN,108455.0,109800.0,108450.0,109130.0,4.0
2026-08-27,ELDEHSG,795.25,818.45,777.7,781.8,992.0
2026-08-27,ELECON,426.7,429.9,421.25,423.25,185307.0
2026-08-27,ELECTCAST,77.6,81.25,77.3,78.99,4091262.0
2026-08-27,ELECTHERM,1032.7,1042.0,1030.0,1032.9,8555.0
2026-08-27,ELGIEQUIP,618.95,618.95,597.1,599.25,400200.0
2026-08-27,ELGIRUBCO,59.8,59.8,58.0,58.16,15346.0
2026-08-27,ELIN,100.27,102.01,99.39,100.64,216138.0
2026-08-27,ELIQUID,1040.0,1045.33,1038.61,1045.32,99307.0
2026-08-27,ELITECON,12.64,12.64,11.78,11.78,3843227.0
2026-08-27,ELLEN,323.7,337.4,323.7,325.8,850408.0
2026-08-27,ELM250,17.01,17.1,16.75,16.83,46857.0
2026-08-27,ELMDIV,37.03,37.03,36.76,36.95,369.0
2026-08-27,ELPROINTL,173.5,174.9,173.0,173.21,7299.0
2026-08-27,EMAMILTD,404.65,404.65,385.25,387.7,1314539.0
2026-08-27,EMAMIREAL,68.22,68.22,66.78,67.57,12387.0
2026-08-27,EMBDL,62.18,63.28,61.8,62.16,1313394.0
2026-08-27,EMCURE,1874.0,1893.2,1855.4,1878.4,104535.0
2026-08-27,EMETAL,13.54,13.6,13.28,13.3,7029.0
2026-08-27,EMIL,185.46,185.89,177.88,178.99,661662.0
2026-08-27,EMKAY,236.25,242.67,236.25,239.73,13138.0
2026-08-27,EMMVEE,331.8,337.9,325.5,327.3,1276084.0
2026-08-27,EMPIND,1229.0,1234.9,1205.0,1212.7,4582.0
2026-08-27,EMPOWER,2.23,2.23,2.23,2.23,887389.0
2026-08-27,EMSLIMITED,378.65,386.3,376.0,381.1,180937.0
2026-08-27,EMUDHRA,543.8,563.5,543.4,559.25,183021.0
2026-08-27,EMULTIMQ,43.4,43.4,42.23,42.39,14830.0
2026-08-27,ENDURANCE,2990.0,2990.0,2935.0,2944.8,62223.0
2026-08-27,ENERGY,38.96,38.96,38.08,38.29,275931.0
2026-08-27,ENERGYDEV,16.12,16.5,16.05,16.13,16990.0
2026-08-27,ENEXT50,75.86,75.86,74.21,74.78,653.0
2026-08-27,ENGINERSIN,250.75,252.47,243.5,246.96,1497903.0
2026-08-27,ENIFTY,24.96,24.96,24.32,24.37,16021.0
2026-08-27,ENIL,108.06,108.1,103.5,104.41,12683.0
2026-08-27,ENKEIWHEL,404.05,410.0,395.0,396.95,17585.0
2026-08-27,ENRIN,3330.0,3341.0,3236.0,3256.4,1041630.0
2026-08-27,ENTERO,1639.0,1786.4,1625.1,1753.5,1277994.0
2026-08-27,EPACK,199.0,201.0,196.16,196.86,341363.0
2026-08-27,EPACKPEB,232.05,236.0,230.65,233.95,288397.0
2026-08-27,EPIGRAL,1250.0,1264.8,1200.3,1206.4,64607.0
2026-08-27,EPL,255.1,260.26,252.01,252.8,890657.0
2026-08-27,EQUAL200,14.08,14.08,14.0,14.02,5820.0
2026-08-27,EQUAL50,334.77,335.18,333.68,334.28,3722.0
2026-08-27,EQUAL50ADD,347.28,347.28,344.78,345.36,4646.0
2026-08-27,EQUITASBNK,75.23,75.63,73.66,74.17,4917957.0
2026-08-27,ERIS,1317.0,1332.5,1306.9,1312.2,51939.0
2026-08-27,ESABINDIA,6160.0,6194.0,6056.5,6095.5,3776.0
2026-08-27,ESCORTS,3070.0,3096.9,2967.7,2974.1,134744.0
2026-08-27,ESENSEX,78.43,78.43,77.56,78.13,711.0
2026-08-27,ESG,40.71,41.82,40.71,41.53,11208.0
2026-08-27,ESILVER,240.1,240.1,233.76,236.99,588866.0
2026-08-27,ESSARSHPNG,17.0,17.39,16.71,16.79,147138.0
2026-08-27,ESSENTIA,1.09,1.12,1.03,1.03,10836008.0
2026-08-27,ESTER,93.26,94.41,92.0,93.0,78074.0
2026-08-27,ETERNAL,329.0,330.9,325.3,328.5,34877860.0
2026-08-27,ETHOSLTD,2879.0,2912.7,2873.2,2891.0,20609.0
2026-08-27,EUREKAFORB,424.05,435.25,422.55,433.15,99062.0
2026-08-27,EUROBOND,154.99,155.78,149.0,151.24,10287.0
2026-08-27,EUROPRATIK,259.95,260.75,251.55,254.05,195601.0
2026-08-27,EVEREADY,345.65,349.9,338.5,342.7,63148.0
2026-08-27,EVIETF,33.71,34.19,33.32,33.51,123227.0
2026-08-27,EVINDIA,34.37,34.37,33.36,33.5,134974.0
2026-08-27,EXCELINDUS,1039.75,1050.0,1034.55,1041.6,8170.0
2026-08-27,EXCELSOFT,70.52,73.4,69.8,71.53,420383.0
2026-08-27,EXICOM,154.98,157.87,154.5,156.14,431889.0
2026-08-27,EXIDEIND,444.05,447.3,435.15,437.75,1956990.0
2026-08-27,EXPLEOSOL,884.1,888.95,866.6,873.7,11211.0
2026-08-27,EXXARO,6.34,6.47,6.04,6.19,94104.0
2026-08-27,FABTECH,147.86,152.5,146.21,146.97,114477.0
2026-08-27,FACT,850.1,871.6,835.2,842.55,419829.0
2026-08-27,FAZE3Q,491.3,494.0,485.4,485.75,9557.0
2026-08-27,FCL,50.84,51.03,48.2,48.49,9129878.0
2026-08-27,FCSSOFT,1.54,1.54,1.44,1.45,2435926.0
2026-08-27,FDC,347.25,348.5,340.25,343.85,84955.0
2026-08-27,FEDDERSHOL,42.6,43.35,42.4,43.11,360339.0
2026-08-27,FEDERALBNK,347.0,348.15,343.4,344.8,4512557.0
2026-08-27,FEDFINA,159.01,160.5,157.02,157.94,530135.0
2026-08-27,FERMENTA,470.1,492.5,462.85,486.25,78747.0
2026-08-27,FIBERWEB,26.1,26.69,26.0,26.42,12397.0
2026-08-27,FIEMIND,2110.0,2117.9,2060.0,2067.2,113990.0
2026-08-27,FILATEX,75.56,80.47,75.05,78.31,4553890.0
2026-08-27,FILATFASH,0.19,0.19,0.18,0.18,11834503.0
2026-08-27,FINCABLES,1280.0,1315.0,1270.0,1291.15,685892.0
2026-08-27,FINEORG,5139.1,5285.0,5111.1,5258.2,23417.0
2026-08-27,FINIETF,34.55,34.55,33.39,33.44,211327.0
2026-08-27,FINKURVE,79.6,82.5,76.75,78.18,264146.0
2026-08-27,FINOPB,147.4,148.39,142.0,143.06,170887.0
2026-08-27,FINPIPE,163.0,163.0,160.1,160.54,231761.0
2026-08-27,FIRSTCRY,192.0,193.77,187.55,188.26,916127.0
2026-08-27,FISCHER,36.24,36.24,35.11,35.27,329799.0
2026-08-27,FIVESTAR,512.5,536.0,510.0,533.75,1353731.0
2026-08-27,FLAIR,251.7,252.0,247.05,247.95,33840.0
2026-08-27,FLEXIADD,10.28,10.28,10.15,10.2,44144.0
2026-08-27,FLUOROCHEM,4710.0,4729.7,4660.1,4672.1,61251.0
2026-08-27,FMCGADD,47.62,48.88,47.26,47.47,9558.0
2026-08-27,FMCGIETF,51.0,51.3,50.56,50.61,1356833.0
2026-08-27,FMGOETZE,558.4,558.4,532.0,545.55,1512901.0
2026-08-27,FMNL,10.54,10.63,9.76,10.62,139763.0
2026-08-27,FOODSIN,53.05,54.72,53.0,53.15,40979.0
2026-08-27,FORCEMOT,17495.0,17537.0,17301.0,17375.0,40549.0
2026-08-27,FORTIS,916.95,920.0,911.3,915.65,302082.0
2026-08-27,FOSECOIND,5982.0,6190.0,5931.5,6110.5,50276.0
2026-08-27,FRACTAL,830.0,847.55,829.0,840.25,278268.0
2026-08-27,FREDUN,1519.9,1526.8,1474.7,1492.7,19034.0
2026-08-27,FRONTSP,1265.4,1292.8,1255.0,1285.4,20818.0
2026-08-27,FSL,271.0,272.5,267.55,268.5,502488.0
2026-08-27,FUSION,204.0,205.89,195.4,196.05,402570.0
2026-08-27,GABRIEL,1339.0,1377.2,1335.0,1357.2,233005.0
2026-08-27,GAEL,174.3,175.48,168.0,168.5,1084161.0
2026-08-27,GAIL,174.45,174.84,171.0,172.44,4745650.0
2026-08-27,GAJA,172.0,173.94,164.1,165.13,7060479.0
2026-08-27,GALAPREC,1045.0,1075.0,1012.0,1039.8,18606.0
2026-08-27,GALAXYSURF,2335.0,2346.7,2276.2,2305.0,15555.0
2026-08-27,GALLANTT,581.0,589.0,573.25,576.85,37534.0
2026-08-27,GANDHAR,255.39,256.7,251.9,254.85,646662.0
2026-08-27,GANDHITUBE,905.0,905.0,892.6,903.1,4558.0
2026-08-27,GANECOS,1045.0,1050.1,1027.0,1029.2,53603.0
2026-08-27,GANESHCP,167.39,167.75,162.25,163.49,74014.0
2026-08-27,GANESHHOU,814.0,825.9,791.1,798.3,39849.0
2026-08-27,GANGAFORGE,1.69,1.69,1.69,1.69,1953251.0
2026-08-27,GANGESSECU,120.3,120.3,116.25,117.71,6133.0
2026-08-27,GARFIBRES,793.7,802.9,783.95,792.55,19137.0
2026-08-27,GARUDA,183.7,184.56,175.0,175.52,473168.0
2026-08-27,GATEWAY,53.68,54.18,53.1,53.74,797919.0
2026-08-27,GAYAHWS,1.9,1.94,1.85,1.87,273888.0
2026-08-27,GCSL,540.1,548.0,531.0,540.55,1131181.0
2026-08-27,GEEKAYWIRE,23.44,23.44,22.75,23.02,222972.0
2026-08-27,GEMAROMA,173.8,174.79,169.66,170.83,65892.0
2026-08-27,GENCON,46.0,46.35,44.41,45.83,511577.0
2026-08-27,GENESYS,236.9,242.65,226.4,234.5,4531990.0
2026-08-27,GENUSPAPER,12.7,12.7,12.11,12.37,53013.0
2026-08-27,GENUSPOWER,342.0,342.95,330.0,332.2,1570672.0
2026-08-27,GEOJITFSL,81.07,83.47,80.0,82.64,354474.0
2026-08-27,GESHIP,1334.0,1341.8,1311.5,1317.2,650976.0
2026-08-27,GFLLIMITED,54.5,55.81,54.25,54.92,55444.0
2026-08-27,GHCL,439.9,442.35,438.0,440.15,115639.0
2026-08-27,GHCLTEXTIL,127.29,127.96,124.75,125.36,363913.0
2026-08-27,GICHSGFIN,141.5,143.88,140.22,142.1,86267.0
2026-08-27,GICL,23.51,23.8,22.65,23.34,111449.0
2026-08-27,GICRE,350.55,356.9,348.5,351.85,1644017.0
2026-08-27,GILLANDERS,101.0,108.0,101.0,104.99,21530.0
2026-08-27,GILLETTE,7403.5,7460.0,7324.0,7409.0,18048.0
2026-08-27,GILT10BETA,26.92,26.92,26.39,26.92,436.0
2026-08-27,GILT5BETA,65.85,65.85,65.85,65.85,88.0
2026-08-27,GILT5YBEES,66.56,66.56,66.16,66.21,243005.0
2026-08-27,GIPCL,200.0,204.55,196.0,200.48,1894457.0
2026-08-27,GKB,65.0,65.0,64.67,65.0,84.0
2026-08-27,GKENERGY,138.5,144.35,137.4,139.65,5842310.0
2026-08-27,GKSL,153.0,155.89,151.0,154.29,455701.0
2026-08-27,GKWLIMITED,1609.8,1609.8,1585.0,1599.8,171.0
2026-08-27,GLAND,2912.9,2924.4,2855.6,2873.5,129706.0
2026-08-27,GLAXO,3030.0,3118.0,3018.9,3069.1,229414.0
2026-08-27,GLENMARK,2455.0,2484.0,2440.6,2460.0,447011.0
2026-08-27,GLFL,5.73,5.73,5.45,5.45,15365.0
2026-08-27,GLOBAL,111.41,112.0,108.71,110.98,59561.0
2026-08-27,GLOBALE,11.8,12.0,11.22,11.24,837.0
2026-08-27,GLOBALVECT,148.78,149.95,144.98,146.47,12574.0
2026-08-27,GLOBE,2.04,2.09,2.01,2.05,269894.0
2026-08-27,GLOBECIVIL,45.5,46.44,45.22,45.73,80115.0
2026-08-27,GLOBUSSPR,924.0,924.0,907.05,912.3,28085.0
2026-08-27,GLOSTERLTD,606.1,606.1,595.9,604.4,405.0
2026-08-27,GLOTTIS,65.99,66.49,64.11,64.66,28434.0
2026-08-27,GMBREW,898.6,899.0,890.0,891.7,19492.0
2026-08-27,GMDCLTD,578.95,580.2,566.0,567.25,569849.0
2026-08-27,GMMPFAUDLR,1014.0,1040.7,1013.3,1025.15,93043.0
2026-08-27,GMRAIRPORT,100.15,100.2,98.52,98.68,6542176.0
2026-08-27,GMRP&UI,95.2,96.0,93.99,94.54,801104.0
2026-08-27,GNA,549.6,565.0,544.6,546.8,305547.0
2026-08-27,GNFC,582.55,584.7,575.0,577.0,477474.0
2026-08-27,GNRL,100.9,101.5,97.35,97.65,55385.0
2026-08-27,GOACARBON,359.0,361.5,350.25,352.15,8229.0
2026-08-27,GOCLCORP,397.45,403.5,395.45,397.35,26007.0
2026-08-27,GOCOLORS,343.5,343.75,330.1,334.5,110138.0
2026-08-27,GODAVARIB,241.65,244.2,238.4,239.15,47074.0
2026-08-27,GODFRYPHLP,2153.0,2161.0,2110.0,2115.0,126205.0
2026-08-27,GODIGIT,259.4,261.0,257.0,257.75,81433.0
2026-08-27,GODREJAGRO,625.0,626.85,611.0,614.75,180449.0
2026-08-27,GODREJCP,930.0,930.0,912.0,923.0,1308144.0
2026-08-27,GODREJIND,1140.0,1166.6,1125.1,1150.5,82356.0
2026-08-27,GODREJPROP,2035.0,2095.0,2023.9,2069.4,1142681.0
2026-08-27,GOKEX,784.7,796.55,771.2,774.9,125337.0
2026-08-27,GOKUL,45.7,45.7,42.82,43.09,254616.0
2026-08-27,GOKULAGRO,245.25,250.0,243.0,244.48,592803.0
2026-08-27,GOLD1,133.49,133.49,129.6,131.33,2725736.0
2026-08-27,GOLD360,157.75,157.75,152.0,153.85,32726.0
2026-08-27,GOLDADD,159.42,159.42,150.69,152.98,1536007.0
2026-08-27,GOLDAXIS,133.35,133.35,128.76,130.79,10689255.0
2026-08-27,GOLDBEES,131.24,131.49,128.15,130.05,43844954.0
2026-08-27,GOLDBETA,134.95,134.95,130.6,132.6,1082748.0
2026-08-27,GOLDBND,160.79,160.79,154.4,157.15,79573.0
2026-08-27,GOLDCASE,25.83,25.83,24.42,24.74,17372151.0
2026-08-27,GOLDETF,155.49,155.49,150.84,153.09,2928027.0
2026-08-27,GOLDIAM,358.15,360.05,350.1,352.75,314940.0
2026-08-27,GOLDIETF,138.0,138.0,132.65,134.64,9483961.0
2026-08-27,GOODLUCK,440.1,448.9,430.5,432.8,694850.0
2026-08-27,GOODYEAR,760.7,771.9,750.05,765.05,4955.0
2026-08-27,GOPAL,285.95,286.15,278.0,279.15,143662.0
2026-08-27,GOYALALUM,6.35,6.39,6.25,6.33,50418.0
2026-08-27,GPIL,246.05,247.49,238.65,240.33,1241037.0
2026-08-27,GPPL,171.0,172.43,168.43,169.1,1964090.0
2026-08-27,GPTHEALTH,152.95,154.68,151.0,151.39,64034.0
2026-08-27,GPTINFRA,113.72,114.8,112.4,113.58,51050.0
2026-08-27,GRADIENTE,2.57,2.77,2.57,2.71,2884018.0
2026-08-27,GRANDOAK,37.06,38.53,36.13,37.45,3325.0
2026-08-27,GRANULES,828.2,848.0,824.55,832.3,1123298.0
2026-08-27,GRAPHITE,690.0,698.95,678.5,683.0,572923.0
2026-08-27,GRASIM,3289.0,3299.8,3258.0,3258.0,733124.0
2026-08-27,GRAUWEIL,66.8,69.01,66.43,67.75,249817.0
2026-08-27,GRAVISSHO,30.85,30.85,30.85,30.85,1.0
2026-08-27,GRAVITA,1840.3,1850.2,1806.2,1824.5,115208.0
2026-08-27,GREAVESCOT,195.5,195.59,190.9,191.17,624598.0
2026-08-27,GREENLAM,248.8,248.9,242.0,243.25,94551.0
2026-08-27,GREENPANEL,158.71,160.39,157.94,159.9,140277.0
2026-08-27,GREENPLY,292.1,294.0,287.0,291.25,53257.0
2026-08-27,GREENPOWER,9.54,9.59,9.32,9.41,2260892.0
2026-08-27,GRINDWELL,2062.5,2068.5,2018.0,2024.1,10397.0
2026-08-27,GRINFRA,898.3,909.0,882.0,890.4,62312.0
2026-08-27,GRMOVER,89.46,89.94,87.0,87.76,843143.0
2026-08-27,GROBTEA,992.0,1012.15,985.0,995.9,320.0
2026-08-27,GROWW,195.9,198.77,195.6,196.84,22896654.0
2026-08-27,GROWWCAPM,11.69,11.69,11.46,11.48,675883.0
2026-08-27,GROWWCHEM,30.98,30.98,30.16,30.4,45212.0
2026-08-27,GROWWDEFNC,97.4,98.32,97.4,97.95,133545.0
2026-08-27,GROWWEV,33.6,33.6,33.17,33.25,230828.0
2026-08-27,GROWWGOLD,15.7,15.7,15.15,15.33,4792458.0
2026-08-27,GROWWHOSPI,52.22,52.63,52.11,52.43,547873.0
2026-08-27,GROWWLIQID,112.71,112.71,110.51,110.51,364418.0
2026-08-27,GROWWLOVOL,10.56,10.56,10.37,10.38,6886.0
2026-08-27,GROWWMC150,237.0,237.83,235.1,237.0,510.0
2026-08-27,GROWWMETAL,13.14,13.14,12.75,12.84,364362.0
2026-08-27,GROWWMOM50,11.42,11.42,11.12,11.19,194786.0
2026-08-27,GROWWN200,11.17,11.77,11.17,11.47,27722.0
2026-08-27,GROWWNET,10.96,11.06,10.9,11.0,457707.0
2026-08-27,GROWWNIFTY,9.8,9.93,9.76,9.77,557208.0
2026-08-27,GROWWNXT50,75.45,75.45,74.65,74.99,3158.0
2026-08-27,GROWWPOWER,11.4,11.43,11.29,11.32,2349725.0
2026-08-27,GROWWPSE,96.03,98.41,96.03,97.92,54574.0
2026-08-27,GROWWPSUBK,87.31,87.43,85.7,85.78,4548.0
2026-08-27,GROWWRAIL,28.79,28.93,28.41,28.51,338475.0
2026-08-27,GROWWRLTY,10.22,10.35,10.15,10.2,85910.0
2026-08-27,GROWWSC250,10.72,10.72,10.6,10.61,180342.0
2026-08-27,GROWWSLVR,24.07,24.07,22.94,23.2,1928118.0
2026-08-27,GRPLTD,1969.1,1999.9,1958.2,1982.9,1024.0
2026-08-27,GRSE,2639.0,2665.9,2632.5,2643.0,384851.0
2026-08-27,GRWRHITECH,7134.5,7164.5,6980.0,7060.5,286267.0
2026-08-27,GSEC10ADD,26.82,26.82,26.82,26.82,1650000.0
2026-08-27,GSEC10IETF,266.15,266.15,263.52,263.52,577.0
2026-08-27,GSEC10YEAR,30.66,30.73,30.31,30.73,13801.0
2026-08-27,GSEC5IETF,66.65,66.91,66.13,66.8,56133.0
2026-08-27,GSFC,159.99,160.5,158.33,159.16,492991.0
2026-08-27,GSLSU,29.15,29.44,27.26,27.26,249344.0
2026-08-27,GSPCROP,642.8,655.95,622.0,627.75,503251.0
2026-08-27,GSS,12.94,12.94,11.71,12.13,49967.0
2026-08-27,GTL,7.23,7.5,7.23,7.32,196556.0
2026-08-27,GTLINFRA,1.22,1.25,1.2,1.2,38632731.0
2026-08-27,GTPL,55.5,55.5,53.75,53.95,389861.0
2026-08-27,GUFICBIO,414.0,416.0,405.0,412.2,39966.0
2026-08-27,GUJALKALI,723.45,728.0,703.25,710.75,63803.0
2026-08-27,GUJAPOLLO,368.0,368.0,350.2,351.5,3912.0
2026-08-27,GUJENERGY,254.0,257.3,249.05,250.35,1870939.0
2026-08-27,GUJRAFFIA,40.0,41.2,39.55,41.0,291.0
2026-08-27,GUJTHEM,420.8,421.95,405.0,412.2,466950.0
2026-08-27,GULFOILLUB,1170.0,1170.0,1150.0,1154.3,48111.0
2026-08-27,GULPOLY,194.95,198.0,192.5,193.09,165132.0
2026-08-27,GVPIL,642.8,675.0,642.8,661.75,341036.0
2026-08-27,GVPTECH,7.47,8.45,7.04,7.53,501010.0
2026-08-27,GVT&D,4420.2,4539.0,4359.6,4407.8,1777971.0
2026-08-27,GYFTR,167.7,169.0,165.0,166.81,30786.0
2026-08-27,HAL,4900.0,4935.0,4875.0,4899.0,351457.0
2026-08-27,HALDER,292.25,299.8,290.05,297.88,28147.0
2026-08-27,HALEOSLABS,1549.4,1549.4,1470.0,1501.8,411.0
2026-08-27,HAMPTON,8.91,8.91,7.42,8.3,19787.0
2026-08-27,HAPPSTMNDS,448.0,455.35,414.6,420.25,4662895.0
2026-08-27,HAPPYFORGE,2234.6,2279.0,2188.9,2250.8,81051.0
2026-08-27,HARDWYN,9.05,9.12,9.0,9.05,689720.0
2026-08-27,HARIOMPIPE,348.3,348.3,339.75,341.15,70134.0
2026-08-27,HARRMALAYA,202.74,204.4,193.6,194.7,23208.0
2026-08-27,HARSHA,431.15,440.0,422.8,438.55,111988.0
2026-08-27,HATHWAY,10.54,10.64,10.49,10.55,982034.0
2026-08-27,HATSUN,1096.1,1162.1,1073.0,1152.5,284131.0
2026-08-27,HAVELLS,1255.6,1265.0,1241.0,1241.0,623467.0
2026-08-27,HAVISHA,1.45,1.45,1.3,1.35,30752.0
2026-08-27,HAWKINCOOK,8020.0,8264.5,8020.0,8239.0,976.0
2026-08-27,HAZOOR,20.4,21.0,17.44,20.82,1744484.0
2026-08-27,HBESD,75.01,76.69,75.0,75.95,510.0
2026-08-27,HBLENGINE,684.0,693.8,662.9,665.75,935680.0
2026-08-27,HBPOR,62.89,62.89,59.1,59.5,662.0
2026-08-27,HBSL,52.76,53.0,50.73,51.99,283.0
2026-08-27,HCC,24.11,26.03,24.11,25.1,202003226.0
2026-08-27,HCG,707.0,714.0,692.3,699.95,105209.0
2026-08-27,HCL-INSYS,10.81,11.0,10.77,10.81,284335.0
2026-08-27,HCLTECH,1295.0,1304.7,1280.0,1282.0,1936771.0
2026-08-27,HDBFS,687.5,693.5,682.0,685.15,2515560.0
2026-08-27,HDFCAMC,2667.9,2691.0,2559.9,2575.0,2101778.0
2026-08-27,HDFCBANK,728.15,728.15,710.0,711.0,46515020.0
2026-08-27,HDFCBSE500,38.12,38.12,37.84,37.86,248837.0
2026-08-27,HDFCGOLD,140.14,140.14,132.56,134.63,8763920.0
2026-08-27,HDFCGROWTH,121.41,121.52,120.29,120.43,21902.0
2026-08-27,HDFCLIFE,553.1,557.0,548.0,548.0,2474974.0
2026-08-27,HDFCLIQUID,1075.47,1075.47,1075.42,1075.43,15685.0
2026-08-27,HDFCLOWVOL,20.83,20.84,20.7,20.72,1832.0
2026-08-27,HDFCMID150,23.51,24.01,23.51,23.81,338408.0
2026-08-27,HDFCMOMENT,31.83,31.9,31.64,31.71,140210.0
2026-08-27,HDFCNEXT50,76.23,76.41,75.51,75.91,229491.0
2026-08-27,HDFCNIF100,26.32,26.4,26.18,26.29,13284.0
2026-08-27,HDFCNIFBAN,59.68,59.69,59.19,59.29,41641.0
2026-08-27,HDFCNIFIT,32.51,32.66,32.15,32.33,118089.0
2026-08-27,HDFCNIFTY,272.01,274.01,272.01,272.77,301619.0
2026-08-27,HDFCNIMEG,136.06,136.06,132.79,133.2,5924.0
2026-08-27,HDFCPSUBK,88.07,88.07,86.28,86.77,12549.0
2026-08-27,HDFCPVTBAN,28.88,28.88,28.22,28.34,287421.0
2026-08-27,HDFCQUAL,59.61,59.61,59.09,59.09,15045.0
2026-08-27,HDFCSENSEX,87.8,88.48,87.6,87.65,31710.0
2026-08-27,HDFCSILVER,229.19,229.19,223.75,226.23,4025008.0
2026-08-27,HDFCSML250,185.74,187.24,185.0,185.58,776001.0
2026-08-27,HDFCVALUE,125.72,126.2,124.98,125.42,11472.0
2026-08-27,HEADSUP,6.5,6.98,6.5,6.87,8022.0
2026-08-27,HEALTHADD,16.92,16.94,16.77,16.87,8959.0
2026-08-27,HEALTHAXIS,169.3,169.99,168.91,169.65,12037.0
2026-08-27,HEALTHCARE,22.17,22.17,21.62,21.8,63911.0
2026-08-27,HEALTHIETF,169.46,171.9,169.46,171.49,55939.0
2026-08-27,HEALTHX,309.65,309.65,290.9,293.55,2663.0
2026-08-27,HEALTHY,17.13,17.25,16.93,17.2,182758.0
2026-08-27,HECPROJECT,120.3,121.1,115.01,117.97,5086.0
2026-08-27,HEG,714.8,720.45,708.0,710.2,592845.0
2026-08-27,HEIDELBERG,162.46,162.5,160.41,161.7,112221.0
2026-08-27,HEMIPROP,129.64,133.88,129.46,130.56,578973.0
2026-08-27,HERANBA,175.0,177.49,168.97,169.69,31886.0
2026-08-27,HERITGFOOD,383.0,383.0,375.1,378.15,122264.0
2026-08-27,HEROMOTOCO,5594.5,5610.0,5511.5,5550.0,533073.0
2026-08-27,HESTERBIO,2336.7,2359.2,2270.2,2289.8,6174.0
2026-08-27,HEXATRADEX,160.9,160.9,159.1,159.1,23.0
2026-08-27,HEXT,556.3,561.0,547.55,556.6,133088.0
2026-08-27,HFCL,238.3,247.44,237.27,245.84,19390535.0
2026-08-27,HGINFRA,501.95,506.15,500.25,502.15,37937.0
2026-08-27,HGM,44.3,44.9,43.0,43.99,1372.0
2026-08-27,HGS,400.0,404.15,400.0,402.55,9634.0
2026-08-27,HIKAL,208.0,212.51,203.35,204.63,183484.0
2026-08-27,HILINFRA,45.9,45.9,45.1,45.29,52520.0
2026-08-27,HILTON,20.0,20.05,19.4,19.51,132293.0
2026-08-27,HIMATSEIDE,72.98,73.06,71.52,71.83,201561.0
2026-08-27,HINDADH,359.0,359.0,349.05,350.4,2720.0
2026-08-27,HINDALCO,1060.5,1061.8,1020.05,1024.0,3635432.0
2026-08-27,HINDALUMI,98.0,99.87,97.95,97.99,1724.0
2026-08-27,HINDCOMPOS,411.9,415.2,407.75,409.45,1894.0
2026-08-27,HINDCON,24.15,24.5,22.02,22.6,59613.0
2026-08-27,HINDCOPPER,547.2,552.9,533.15,536.3,24102873.0
2026-08-27,HINDOILEXP,159.59,164.8,158.43,163.43,821491.0
2026-08-27,HINDPETRO,375.45,376.25,368.9,371.0,3872498.0
2026-08-27,HINDUNILVR,2020.0,2028.0,2004.3,2009.0,989046.0
2026-08-27,HINDWAREAP,196.29,197.53,190.0,190.84,137457.0
2026-08-27,HINDZINC,629.5,631.4,610.05,610.1,4838968.0
2026-08-27,HIRECT,1235.8,1242.9,1202.1,1223.0,62144.0
2026-08-27,HISARMETAL,151.02,151.8,148.35,149.23,201.0
2026-08-27,HITECH,81.8,82.39,77.7,77.93,1117888.0
2026-08-27,HLEGLAS,313.9,316.0,312.0,314.85,52671.0
2026-08-27,HLVLTD,6.66,6.66,6.56,6.63,123353.0
2026-08-27,HMAAGRO,21.0,21.32,20.8,20.9,2987601.0
2026-08-27,HNDFDS,633.0,640.0,630.0,635.55,27024.0
2026-08-27,HNGSNGBEES,487.75,487.75,470.86,472.5,80747.0
2026-08-27,HOMEFIRST,1184.0,1204.3,1183.0,1200.2,118552.0
2026-08-27,HONASA,476.8,491.75,476.75,484.85,1169028.0
2026-08-27,HONAUT,36145.0,36895.0,36145.0,36800.0,1961.0
2026-08-27,HONDAPOWER,2074.1,2090.0,2060.0,2068.3,4023.0
2026-08-27,HORIZONIND,55.51,57.5,55.51,56.78,4091943.0
2026-08-27,HPAL,34.79,35.99,34.31,34.63,66278.0
2026-08-27,HPIL,127.0,127.0,123.61,123.81,551.0
2026-08-27,HPL,312.0,313.5,306.3,307.65,79285.0
2026-08-27,HRYNSHP,101.98,101.98,91.0,99.86,314.0
2026-08-27,HSBCGOLD,140.0,140.0,136.0,136.93,269400.0
2026-08-27,HSCL,663.9,676.6,657.5,674.35,7924818.0
2026-08-27,HTMEDIA,26.99,27.68,26.92,27.05,47718.0
2026-08-27,HUBTOWN,189.35,189.35,184.0,184.71,350523.0
2026-08-27,HUDCO,186.95,187.4,181.79,182.63,1437057.0
2026-08-27,HUHTAMAKI,270.4,270.4,259.0,260.5,143477.0
2026-08-27,HYBRIDETF,10.23,10.23,10.16,10.19,29112.0
2026-08-27,HYUNDAI,2247.0,2281.0,2247.0,2253.0,928582.0
2026-08-27,IBULLSLTD,27.0,27.11,25.92,26.11,9006870.0
2026-08-27,ICDSLTD,41.32,41.63,41.25,41.63,524.0
2026-08-27,ICEMAKE,728.9,752.05,717.0,747.65,25790.0
2026-08-27,ICICIAMC,3099.7,3118.2,3060.7,3093.6,4775198.0
2026-08-27,ICICIB22,115.01,116.03,114.4,114.52,429327.0
2026-08-27,ICICIBANK,1445.0,1453.8,1433.1,1443.0,11539716.0
2026-08-27,ICICIGI,1594.0,1606.0,1585.4,1588.1,864889.0
2026-08-27,ICICIPRULI,518.35,518.95,509.0,510.0,515424.0
2026-08-27,ICIL,426.0,432.7,420.55,423.4,280466.0
2026-08-27,ICRA,4909.2,4937.5,4821.1,4832.5,26070.0
2026-08-27,IDBI,95.0,95.88,91.5,92.24,17091152.0
2026-08-27,IDEA,15.12,15.26,14.91,14.97,430678395.0
2026-08-27,IDEAFORGE,814.0,821.3,803.1,805.0,156158.0
2026-08-27,IDFCFIRSTB,84.4,84.88,83.72,83.8,10079336.0
2026-08-27,IDFNIFTYET,267.95,268.75,266.5,267.17,3722.0
2026-08-27,IEX,122.0,122.95,121.65,122.0,2063529.0
2026-08-27,IFBAGRO,978.75,978.75,941.1,946.15,4285.0
2026-08-27,IFBIND,1369.8,1372.0,1345.1,1351.6,22854.0
2026-08-27,IFCI,85.95,88.2,83.36,84.27,44599176.0
2026-08-27,IFGLEXPOR,215.01,218.79,211.0,212.96,18285.0
2026-08-27,IGARASHI,427.0,432.85,420.05,420.8,49708.0
2026-08-27,IGCL,71.96,72.58,71.2,72.24,69100.0
2026-08-27,IGIL,349.2,349.2,339.4,343.55,263451.0
2026-08-27,IGL,148.72,149.34,146.22,147.17,1043160.0
2026-08-27,IGPL,526.0,541.0,514.0,521.95,250151.0
2026-08-27,IIFL,650.0,659.6,632.0,635.65,2283168.0
2026-08-27,IIFLCAPS,336.3,339.2,333.8,334.4,212029.0
2026-08-27,IITL,156.49,162.0,155.0,159.91,106801.0
2026-08-27,IKIO,191.3,193.2,185.0,186.14,119881.0
2026-08-27,IKS,1741.4,1771.0,1724.0,1750.6,180738.0
2026-08-27,IMAGICAA,50.1,60.21,50.05,60.21,34242813.0
2026-08-27,IMFA,1380.8,1404.4,1363.0,1367.9,74662.0
2026-08-27,IMPAL,1089.5,1120.0,1089.5,1108.1,2325.0
2026-08-27,INA,93.64,94.17,90.0,90.55,979655.0
2026-08-27,INCREDIBLE,34.49,34.49,32.52,32.85,3484.0
2026-08-27,INDBANK,32.0,32.0,31.52,31.55,25096.0
2026-08-27,INDGN,570.0,574.0,561.9,567.35,464592.0
2026-08-27,INDHOTEL,722.0,726.35,713.0,718.5,863865.0
2026-08-27,INDIACEM,373.75,374.4,368.15,369.05,34132.0
2026-08-27,INDIAGLYCO,1190.0,1210.0,1182.2,1203.3,304427.0
2026-08-27,INDIAMART,1750.5,1770.9,1744.1,1755.4,106982.0
2026-08-27,INDIANB,891.95,896.15,875.35,884.4,596643.0
2026-08-27,INDIANCARD,212.8,212.99,207.38,208.03,2682.0
2026-08-27,INDIANHUME,394.4,394.4,389.3,390.85,11045.0
2026-08-27,INDIASHLTR,660.0,662.45,647.15,650.3,115418.0
2026-08-27,INDIGO,5255.0,5258.5,5178.0,5189.0,352677.0
2026-08-27,INDIGOPNTS,1196.0,1196.0,1165.3,1170.2,70872.0
2026-08-27,INDIQUBE,193.99,193.99,188.5,191.06,205256.0
2026-08-27,INDNIPPON,1066.1,1082.9,1056.0,1062.2,9885.0
2026-08-27,INDOBORAX,505.7,516.95,498.1,503.0,142026.0
2026-08-27,INDOCO,238.94,246.0,237.0,242.53,174592.0
2026-08-27,INDOFARM,139.0,143.29,138.0,138.24,71355.0
2026-08-27,INDOKEM,607.0,635.0,607.0,610.85,1758.0
2026-08-27,INDOMIM,893.0,924.45,871.2,877.5,1723758.0
2026-08-27,INDORAMA,61.56,64.98,61.21,63.87,532500.0
2026-08-27,INDOSTAR,259.5,259.5,248.4,255.05,168538.0
2026-08-27,INDOTECH,3730.0,3844.0,3677.0,3712.2,17022.0
2026-08-27,INDOTHAI,48.61,48.61,48.61,48.61,200129.0
2026-08-27,INDOUS,80.96,83.46,80.05,80.79,4183.0
2026-08-27,INDOWIND,9.37,9.44,9.08,9.21,83274.0
2026-08-27,INDPRUD,6300.0,6300.0,6180.0,6200.0,22.0
2026-08-27,INDRAMEDCO,368.1,371.95,366.25,369.3,89754.0
2026-08-27,INDSWFTLAB,359.9,366.4,352.51,358.04,694257.0
2026-08-27,INDTERRAIN,30.82,30.82,29.95,30.11,10083.0
2026-08-27,INDUSINDBK,1004.0,1005.3,994.5,1002.9,1187891.0
2026-08-27,INDUSTOWER,379.95,384.2,374.3,379.95,9414509.0
2026-08-27,INFOBEAN,154.8,159.2,154.26,154.65,133984.0
2026-08-27,INFOMEDIA,5.06,5.37,5.05,5.11,14910.0
2026-08-27,INFRA,12.21,12.32,12.16,12.18,10519.0
2026-08-27,INFRABEES,966.49,966.49,958.0,959.2,11612.0
2026-08-27,INFRAIETF,97.06,97.06,95.07,95.3,170745.0
2026-08-27,INFY,1120.0,1130.7,1107.2,1110.8,6933998.0
2026-08-27,INGERRAND,4581.0,4648.3,4560.0,4609.4,14940.0
2026-08-27,INNOVACAP,1026.0,1039.35,1011.0,1021.55,47647.0
2026-08-27,INNOVANA,317.05,319.9,309.3,313.6,1647.0
2026-08-27,INNOVISION,252.0,258.0,251.05,251.4,13867.0
2026-08-27,INOXGREEN,174.48,174.59,170.6,172.18,1810872.0
2026-08-27,INOXINDIA,1935.9,2224.0,1916.9,2177.9,4484559.0
2026-08-27,INOXWIND,73.45,73.7,71.41,72.0,12554597.0
2026-08-27,INSECTICID,579.5,585.0,564.4,567.1,75819.0
2026-08-27,INSUREIETF,15.68,15.68,15.45,15.49,489470.0
2026-08-27,INTELLECT,685.65,687.0,674.65,678.3,183882.0
2026-08-27,INTENTECH,81.86,82.98,81.45,82.05,8344.0
2026-08-27,INTERARCH,1691.2,1703.4,1672.0,1685.6,29383.0
2026-08-27,INTERNET,15.13,15.13,14.73,14.76,105445.0
2026-08-27,INTLCONV,77.48,77.5,76.21,76.92,30038.0
2026-08-27,INVENTURE,0.98,0.99,0.96,0.97,993529.0
2026-08-27,IOB,33.2,33.23,32.8,32.9,1798508.0
2026-08-27,IOC,139.37,139.48,136.69,137.57,6190652.0
2026-08-27,IOLCP,187.7,195.64,184.21,193.07,10366009.0
2026-08-27,IONEXCHANG,373.05,377.95,369.3,376.0,218431.0
2026-08-27,IPCALAB,1954.8,1970.3,1947.3,1959.8,122184.0
2026-08-27,IPL,140.47,141.26,137.02,137.79,124420.0
2026-08-27,IPRINGLTD,149.87,149.87,138.51,138.64,4545.0
2026-08-27,IRB,19.52,19.63,19.12,19.32,7026959.0
2026-08-27,IRCON,124.05,125.92,122.1,123.04,1788487.0
2026-08-27,IRCTC,491.75,492.5,486.0,487.55,581723.0
2026-08-27,IREDA,118.1,118.4,116.3,117.4,4163114.0
2026-08-27,IRFC,85.7,86.16,84.5,84.65,7178981.0
2026-08-27,IRIS,235.0,247.35,235.0,235.68,15317.0
2026-08-27,IRISDOREME,57.61,58.18,56.66,57.93,2582866.0
2026-08-27,IRMENERGY,289.0,291.45,281.7,283.1,38894.0
2026-08-27,ISFT,92.89,97.0,92.72,95.17,132402.0
2026-08-27,ISGEC,773.9,783.0,759.3,780.4,47827.0
2026-08-27,ISHANCH,44.4,44.9,43.0,44.0,16067.0
2026-08-27,ISTLTD,660.0,670.0,651.0,668.9,354.0
2026-08-27,IT,33.79,33.97,33.55,33.68,140975.0
2026-08-27,ITADD,32.24,32.41,32.07,32.19,25426.0
2026-08-27,ITAXIS,335.32,335.52,329.83,332.0,4857.0
2026-08-27,ITBEES,34.1,34.6,33.6,33.71,6466719.0
2026-08-27,ITBETA,319.89,319.89,317.33,319.0,543.0
2026-08-27,ITC,269.5,271.25,268.0,269.0,8834890.0
2026-08-27,ITCHOTELS,166.78,167.63,163.92,164.16,938238.0
2026-08-27,ITDC,685.0,686.95,657.0,659.35,75324.0
2026-08-27,ITETF,32.99,32.99,32.01,32.07,176820.0
2026-08-27,ITI,277.2,278.8,274.6,275.2,94943.0
2026-08-27,ITIETF,33.8,34.07,33.59,33.72,210787.0
2026-08-27,ITL,356.0,372.0,354.95,367.2,2562.0
2026-08-27,IVALUE,271.35,276.9,271.35,274.75,210554.0
2026-08-27,IVC,8.18,8.49,8.02,8.39,335741.0
2026-08-27,IVZBANKNF,57.72,57.72,57.66,57.66,178.0
2026-08-27,IVZINGOLD,139.65,139.65,135.35,136.75,12054.0
2026-08-27,IVZINNIFTY,278.59,278.59,276.17,277.01,153.0
2026-08-27,IVZSENSEX,77.82,77.82,77.16,77.37,106.0
2026-08-27,IWP,34.1,35.2,34.0,34.95,4327.0
2026-08-27,IXIGO,168.9,169.5,162.4,162.83,1184499.0
2026-08-27,IZMO,858.55,861.65,825.2,829.6,68003.0
2026-08-27,J&KBANK,152.2,153.87,151.45,152.17,1374401.0
2026-08-27,JAGRAN,62.09,62.19,61.48,61.68,106545.0
2026-08-27,JAGSNPHARM,242.0,242.66,235.1,236.99,66137.0
2026-08-27,JAIBALAJI,70.0,71.9,69.16,70.16,1576419.0
2026-08-27,JAICORPLTD,102.0,102.4,99.47,100.1,279623.0
2026-08-27,JAINREC,289.55,291.8,283.1,285.05,746344.0
2026-08-27,JAIPURKURT,26.64,27.2,26.07,26.33,8925.0
2026-08-27,JAMNAAUTO,121.09,121.5,119.52,119.88,660513.0
2026-08-27,JARO,465.0,468.0,458.1,463.15,124691.0
2026-08-27,JASH,489.7,492.2,480.0,484.65,73386.0
2026-08-27,JAYAGROGN,224.9,230.7,220.15,222.07,17966.0
2026-08-27,JAYBARMARU,122.75,126.53,122.0,122.58,269351.0
2026-08-27,JAYKAY,171.0,173.8,164.8,169.62,700707.0
2026-08-27,JAYNECOIND,102.9,103.62,100.67,101.09,2438834.0
2026-08-27,JAYSREETEA,102.05,104.8,100.0,100.1,84909.0
2026-08-27,JBMA,652.0,653.95,643.15,645.25,135727.0
2026-08-27,JENBURPH,1056.0,1056.0,1026.6,1032.8,665.0
2026-08-27,JETFREIGHT,22.5,23.1,22.26,22.85,159035.0
2026-08-27,JGCHEM,603.9,606.8,582.7,585.5,92153.0
2026-08-27,JHS,9.34,9.34,8.85,8.95,54116.0
2026-08-27,JINDALPHOT,1057.0,1083.0,1035.1,1041.0,1901.0
2026-08-27,JINDALPOLY,645.0,646.0,636.05,637.55,7939.0
2026-08-27,JINDALSAW,303.8,316.95,303.4,310.25,8584804.0
2026-08-27,JINDALSTEL,1176.0,1196.4,1166.6,1170.0,1533812.0
2026-08-27,JINDRILL,635.0,657.95,624.45,630.55,531304.0
2026-08-27,JINDWORLD,35.01,37.86,35.01,36.83,14872279.0
2026-08-27,JIOFIN,242.0,242.65,238.1,238.1,7638222.0
2026-08-27,JISLDVREQS,21.95,21.97,20.92,21.13,51960.0
2026-08-27,JISLJALEQS,30.49,31.0,29.47,29.69,4772124.0
2026-08-27,JITFINFRA,324.6,329.5,317.7,321.5,15909.0
2026-08-27,JKCEMENT,5290.0,5299.0,5213.0,5233.5,12186.0
2026-08-27,JKIL,500.4,506.95,495.0,504.25,77485.0
2026-08-27,JKIPL,109.5,109.69,106.02,109.12,34996.0
2026-08-27,JKLAKSHMI,548.85,551.9,542.05,544.2,107723.0
2026-08-27,JKPAPER,396.55,403.4,387.2,390.4,408338.0
2026-08-27,JKTYRE,383.55,384.0,377.3,378.75,282760.0
2026-08-27,JLHL,298.0,310.0,295.55,307.45,154727.0
2026-08-27,JMA,91.47,94.25,89.8,93.04,22629.0
2026-08-27,JMFINANCIL,132.25,133.4,130.0,130.45,2417959.0
2026-08-27,JNKINDIA,454.0,457.9,442.05,444.75,98066.0
2026-08-27,JNPR,278.3,282.0,246.2,254.32,8844030.0
2026-08-27,JPOLYINVST,982.1,1065.0,960.0,966.1,31789.0
2026-08-27,JPPOWER,17.02,17.13,16.89,16.92,19664574.0
2026-08-27,JSFB,551.6,558.0,538.6,544.55,1278810.0
2026-08-27,JSL,713.1,714.0,702.05,705.0,276256.0
2026-08-27,JSLL,514.05,515.95,500.1,501.9,309670.0
2026-08-27,JSWCEMENT,126.09,127.34,123.61,126.55,1620103.0
2026-08-27,JSWDULUX,3100.0,3134.0,3090.1,3110.4,22595.0
2026-08-27,JSWENERGY,544.15,545.9,528.3,542.1,2902000.0
2026-08-27,JSWHL,11831.0,11831.0,11498.0,11735.0,4377.0
2026-08-27,JSWINFRA,345.05,348.0,334.3,337.95,2833326.0
2026-08-27,JSWSTEEL,1351.0,1351.0,1330.0,1337.5,2647838.0
2026-08-27,JTEKTINDIA,126.53,128.12,125.82,126.18,82110.0
2026-08-27,JTLIND,81.8,85.8,81.16,82.57,6724877.0
2026-08-27,JUBLCPL,2152.4,2176.7,2101.9,2122.9,4614.0
2026-08-27,JUBLFOOD,499.1,509.0,495.05,504.0,974638.0
2026-08-27,JUBLINGREA,713.05,713.05,687.1,691.1,171316.0
2026-08-27,JUBLPHARMA,887.4,894.75,875.0,878.7,86026.0
2026-08-27,JUNIORBEES,814.16,814.16,803.25,805.78,369315.0
2026-08-27,JUNIPER,215.0,217.5,209.91,216.05,470586.0
2026-08-27,JUSTDIAL,647.65,650.0,637.3,640.5,82613.0
2026-08-27,JWL,246.4,252.9,245.9,247.0,680272.0
2026-08-27,JYOTHYLAB,211.85,214.96,208.36,209.52,910612.0
2026-08-27,JYOTICNC,1017.45,1040.5,1009.0,1029.8,873758.0
2026-08-27,JYOTIRES,900.0,910.0,890.0,890.55,5200.0
2026-08-27,JYOTISTRUC,10.32,10.46,10.16,10.19,2753746.0
2026-08-27,KABRAEXTRU,602.85,609.8,587.0,589.6,129623.0
2026-08-27,KAJARIACER,1212.9,1212.9,1187.0,1200.4,151659.0
2026-08-27,KAKATCEM,114.1,116.67,113.1,115.39,2465.0
2026-08-27,KALAMANDIR,88.29,88.29,86.1,86.48,257232.0
2026-08-27,KALPATARU,279.75,280.65,272.95,274.15,52410.0
2026-08-27,KALYANIFRG,681.95,699.0,666.05,682.45,1821.0
2026-08-27,KALYANKJIL,610.6,635.95,609.9,629.3,14631430.0
2026-08-27,KAMAHOLD,2387.5,2403.6,2381.0,2389.4,3320.0
2026-08-27,KAMANWALA,16.35,16.8,16.0,16.52,5619.0
2026-08-27,KAMATHOTEL,228.33,239.63,226.0,236.51,181700.0
2026-08-27,KAMOPAINTS,4.53,4.67,4.51,4.54,115936.0
2026-08-27,KANANIIND,1.49,1.5,1.4,1.47,145295.0
2026-08-27,KANCHI,432.45,432.45,400.0,420.0,14970.0
2026-08-27,KANCOTEA,57.9,57.9,56.35,56.35,6.0
2026-08-27,KANPRPLA,268.0,274.0,260.41,268.49,28339.0
2026-08-27,KANSAINER,200.75,201.22,198.0,198.44,129493.0
2026-08-27,KAPSTON,508.05,510.3,500.0,501.0,31930.0
2026-08-27,KARMAENG,37.55,39.95,37.55,38.05,410.0
2026-08-27,KARURVYSYA,356.85,358.5,345.05,346.3,1792437.0
2026-08-27,KAVDEFENCE,58.65,60.3,57.5,57.83,77154.0
2026-08-27,KAYNES,4020.0,4113.2,4004.0,4018.8,919380.0
2026-08-27,KCP,172.03,175.07,168.2,169.51,78496.0
2026-08-27,KDDL,4033.5,4063.8,3921.5,3947.2,59602.0
2026-08-27,KEC,429.95,431.9,419.1,421.4,786288.0
2026-08-27,KECL,130.05,132.79,129.0,129.87,64722.0
2026-08-27,KEEPLEARN,1.98,1.99,1.91,1.98,15874.0
2026-08-27,KEI,5580.0,5590.0,5448.4,5536.0,213782.0
2026-08-27,KELLTONTEC,13.5,15.45,13.3,14.86,58182615.0
2026-08-27,KENNAMET,4327.7,4555.0,4275.2,4515.1,64402.0
2026-08-27,KERNEX,1858.0,1890.0,1795.0,1801.2,196546.0
2026-08-27,KEYFINSERV,257.0,257.0,255.0,255.0,33.0
2026-08-27,KFINTECH,972.8,976.0,942.6,957.0,1169583.0
2026-08-27,KHAICHEM,57.18,57.51,55.31,55.52,177755.0
2026-08-27,KHAITANLTD,145.0,147.97,141.01,144.78,729.0
2026-08-27,KHANDSE,17.0,17.87,16.53,17.38,431.0
2026-08-27,KICL,5331.0,5335.0,5179.5,5238.0,1165.0
2026-08-27,KIMS,756.7,785.85,756.7,768.45,889873.0
2026-08-27,KINGFA,6090.0,6090.0,5930.0,5960.5,6668.0
2026-08-27,KIOCL,388.0,390.85,380.65,382.8,64958.0
2026-08-27,KIRANVYPAR,205.0,205.0,198.5,200.62,1570.0
2026-08-27,KIRIINDUS,514.0,518.85,473.15,481.1,1021978.0
2026-08-27,KIRLFER,448.0,449.0,442.75,447.6,30799.0
2026-08-27,KIRLOSBROS,1914.9,1919.0,1885.8,1899.3,41120.0
2026-08-27,KIRLOSENG,2060.0,2120.0,2024.1,2100.2,521433.0
2026-08-27,KIRLOSIND,3772.1,3772.1,3691.0,3704.2,5375.0
2026-08-27,KIRLPNU,728.0,736.5,720.2,731.5,83823.0
2026-08-27,KISSHT,306.4,309.5,297.0,303.1,1710152.0
2026-08-27,KITEX,126.74,134.95,125.75,129.86,2143828.0
2026-08-27,KJMCFIN,72.95,72.95,66.41,69.11,7457.0
2026-08-27,KKCL,514.55,515.85,497.0,498.2,24953.0
2026-08-27,KLBRENG-B,394.9,399.0,389.0,390.9,97542.0
2026-08-27,KMCSHIL,139.73,140.6,136.01,138.18,54285.0
2026-08-27,KMEW,2878.4,2995.0,2791.0,2969.0,303914.0
2026-08-27,KMSUGAR,32.0,32.5,30.25,30.61,338995.0
2026-08-27,KNACK,195.2,196.0,190.31,192.05,654182.0
2026-08-27,KNAGRI,213.95,217.38,213.95,214.23,12730.0
2026-08-27,KNRCON,123.42,125.47,122.1,122.45,768064.0
2026-08-27,KOHINOOR,34.3,35.8,33.21,34.35,134853.0
2026-08-27,KOKUYOCMLN,79.93,82.0,79.2,81.21,50733.0
2026-08-27,KOLTEPATIL,456.0,458.5,446.1,447.95,60697.0
2026-08-27,KOTAKBANK,415.75,427.7,415.0,424.2,32914085.0
2026-08-27,KOTHARIPET,134.4,136.76,130.06,131.52,54045.0
2026-08-27,KOTHARIPRO,69.0,69.0,68.0,68.84,2727.0
2026-08-27,KOTIC,152.03,152.03,144.0,149.0,8608.0
2026-08-27,KOVAI,6084.0,6111.0,5985.0,6014.0,1955.0
2026-08-27,KPEL,250.25,252.35,243.2,244.9,266015.0
2026-08-27,KPIGREEN,322.0,322.05,316.05,316.65,294592.0
2026-08-27,KPIL,1391.5,1405.0,1384.5,1391.0,121480.0
2026-08-27,KPITTECH,589.5,592.9,579.65,588.0,1063360.0
2026-08-27,KPL,3324.9,3418.8,3250.0,3267.1,26045.0
2026-08-27,KPRMILL,1141.5,1147.1,1120.0,1126.5,136961.0
2026-08-27,KRBL,447.0,447.1,430.0,433.55,821268.0
2026-08-27,KREBSBIO,53.01,58.0,53.0,56.21,4874.0
2026-08-27,KRISHANA,205.0,206.39,189.67,191.92,1276320.0
2026-08-27,KRISHIVAL,398.0,409.95,392.05,406.5,18323.0
2026-08-27,KRISHNADEF,1030.9,1049.0,1021.2,1031.0,68280.0
2026-08-27,KRITI,64.06,65.45,64.0,64.08,9207.0
2026-08-27,KRITIKA,5.5,5.59,5.43,5.44,78201.0
2026-08-27,KRITINUT,87.45,89.99,85.11,86.23,4106.0
2026-08-27,KRN,1483.1,1568.6,1482.0,1535.4,158253.0
2026-08-27,KROSS,219.1,223.17,214.1,215.11,677619.0
2026-08-27,KRSNAA,564.85,570.6,554.1,557.7,129490.0
2026-08-27,KRYSTAL,658.0,665.85,645.0,648.35,14332.0
2026-08-27,KSB,810.0,810.0,790.0,793.85,101117.0
2026-08-27,KSCL,784.0,787.95,772.05,785.0,103150.0
2026-08-27,KSE,178.4,184.0,175.63,177.96,14503.0
2026-08-27,KSHINTL,962.55,1019.0,952.0,962.35,376921.0
2026-08-27,KSHITIJPOL,3.03,3.19,2.96,3.01,2142718.0
2026-08-27,KSL,925.45,939.7,873.1,881.3,121094.0
2026-08-27,KSOLVES,275.45,275.45,266.05,267.85,29069.0
2026-08-27,KSR,29.0,29.5,27.71,28.58,9317.0
2026-08-27,KTKBANK,336.75,338.8,326.0,327.15,1461115.0
2026-08-27,KUANTUM,72.69,72.89,72.0,72.31,62008.0
2026-08-27,KUSUMGAR,579.0,588.2,568.1,572.35,267183.0
2026-08-27,KWIL,47.01,47.87,46.05,46.35,16310637.0
2026-08-27,LADDERUP,52.9,52.9,52.1,52.1,13.0
2026-08-27,LAGNAM,75.57,76.0,75.25,75.47,4794.0
2026-08-27,LAHOTIOV,43.0,43.0,41.72,41.72,22.0
2026-08-27,LAKSHMIMIL,8011.0,8298.0,8011.0,8298.0,3.0
2026-08-27,LAL,8.93,9.05,8.82,8.98,17788.0
2026-08-27,LALITHAA,245.0,255.5,240.35,246.23,14189168.0
2026-08-27,LALPATHLAB,1942.0,1948.8,1908.6,1936.4,87929.0
2026-08-27,LAMBODHARA,141.0,147.19,139.51,140.71,38124.0
2026-08-27,LANCER,11.8,12.1,11.5,11.64,511926.0
2026-08-27,LANCORHOL,30.6,31.23,29.9,30.86,286030.0
2026-08-27,LANDMARK,514.0,516.9,505.0,506.15,75404.0
2026-08-27,LANDSMILL,0.7,0.72,0.68,0.69,2793423.0
2026-08-27,LAOPALA,170.06,170.4,167.2,169.92,128865.0
2026-08-27,LARGEMID50,36.99,36.99,36.86,36.86,175.0
2026-08-27,LASA,7.2,7.2,6.83,6.97,16622.0
2026-08-27,LASERPOWER,328.0,329.0,318.1,319.6,623061.0
2026-08-27,LATENTVIEW,274.35,276.9,273.8,275.25,280800.0
2026-08-27,LATTEYS,23.5,23.5,22.0,22.2,39358.0
2026-08-27,LAURUSLABS,1891.3,1930.0,1878.4,1929.4,4249869.0
2026-08-27,LAXMICOT,13.9,13.9,13.5,13.83,9049.0
2026-08-27,LAXMIDENTL,196.9,196.9,193.9,194.82,47648.0
2026-08-27,LAXMIINDIA,128.35,128.35,122.0,122.5,108437.0
2026-08-27,LCCINFOTEC,4.07,4.07,3.51,3.53,260156.0
2026-08-27,LCL,594.9,594.9,562.35,566.0,377787.0
2026-08-27,LEAPIND,160.5,165.75,160.5,161.77,5771795.0
2026-08-27,LEENEE,10.24,10.24,9.15,9.82,58271.0
2026-08-27,LEMERITE,21.9,22.3,21.5,21.81,141633.0
2026-08-27,LEMONTREE,108.89,109.53,107.26,107.69,2259074.0
2026-08-27,LENSKART,651.0,659.55,626.15,640.6,11600580.0
2026-08-27,LEXUS,14.45,14.45,13.04,13.07,45143.0
2026-08-27,LFIC,138.9,144.85,136.0,136.56,1655.0
2026-08-27,LGBBROSLTD,1697.4,1729.8,1671.4,1684.4,63343.0
2026-08-27,LGEINDIA,1675.0,1716.9,1671.0,1700.4,921188.0
2026-08-27,LGHL,178.82,181.35,177.47,179.9,9254.0
2026-08-27,LIBAS,10.5,10.9,10.11,10.47,6494.0
2026-08-27,LIBERTSHOE,248.8,248.8,244.0,245.1,8975.0
2026-08-27,LICHSGFIN,528.2,543.4,523.4,535.5,7375648.0
2026-08-27,LICI,417.45,421.25,412.7,413.95,5422128.0
2026-08-27,LICMFGOLD,142.3,143.7,140.0,141.35,119877.0
2026-08-27,LICNETFGSC,29.75,29.75,29.33,29.69,2190.0
2026-08-27,LICNETFN50,271.76,272.41,270.69,271.72,402.0
2026-08-27,LICNETFSEN,875.21,877.5,874.0,874.9,93.0
2026-08-27,LICNFNHGP,278.07,279.77,278.07,278.67,71.0
2026-08-27,LICNMID100,65.05,65.05,64.15,64.27,2206.0
2026-08-27,LIKHITHA,211.0,221.99,209.64,212.02,145162.0
2026-08-27,LINC,97.75,97.78,94.5,95.04,23995.0
2026-08-27,LINCOLN,616.2,619.45,609.6,614.0,14024.0
2026-08-27,LINDEINDIA,6595.0,6677.5,6536.0,6549.0,16850.0
2026-08-27,LIQGRWBEES,1053.24,1053.26,1053.24,1053.24,33383.0
2026-08-27,LIQUID,999.99,1000.0,999.99,999.99,76527.0
2026-08-27,LIQUID1,1121.6,1121.6,1119.85,1120.0,2141367.0
2026-08-27,LIQUIDADD,1142.1,1142.28,1142.1,1142.11,1867757.0
2026-08-27,LIQUIDBEES,999.66,1000.01,999.66,1000.0,4828363.0
2026-08-27,LIQUIDBETA,1005.8,1005.8,1005.78,1005.78,2.0
2026-08-27,LIQUIDBETF,1096.31,1096.33,1096.31,1096.32,429592.0
2026-08-27,LIQUIDCASE,115.65,115.67,115.64,115.65,15951837.0
2026-08-27,LIQUIDETF,1000.0,1000.01,999.99,1000.0,188360.0
2026-08-27,LIQUIDIETF,999.99,1000.01,999.99,999.99,129308.0
2026-08-27,LIQUIDPLUS,1100.1,1101.9,1100.1,1100.65,453562.0
2026-08-27,LIQUIDSBI,1000.01,1000.01,999.99,1000.01,5665.0
2026-08-27,LIQUIDSHRI,1119.02,1119.02,1119.0,1119.0,1662.0
2026-08-27,LKPSEC,15.6,15.93,14.51,15.63,10552.0
2026-08-27,LLOYDSENGG,88.8,89.6,87.15,87.56,3585591.0
2026-08-27,LLOYDSENT,74.36,75.42,72.76,72.94,1240418.0
2026-08-27,LLOYDSME,1851.9,1853.0,1789.0,1798.5,428234.0
2026-08-27,LMW,19325.0,19459.0,19050.0,19132.0,1824.0
2026-08-27,LODHA,1268.0,1278.0,1246.3,1246.3,801407.0
2026-08-27,LORDSCHLO,140.54,140.54,137.31,139.42,6100.0
2026-08-27,LOTUSCHO,620.0,625.5,607.0,618.7,1395.0
2026-08-27,LOTUSEYE,109.6,114.48,109.37,112.63,13355.0
2026-08-27,LOVABLE,74.0,76.0,72.12,72.51,9704.0
2026-08-27,LOWVOL,207.79,207.92,207.25,207.87,6373.0
2026-08-27,LOWVOL1,21.38,21.38,21.2,21.33,527479.0
2026-08-27,LOWVOLIETF,22.58,22.58,22.23,22.32,953091.0
2026-08-27,LOYALTEX,215.0,220.65,212.84,218.9,394.0
2026-08-27,LPDC,7.48,7.48,6.21,6.7,279734.0
2026-08-27,LT,4058.0,4067.3,4023.0,4027.0,1161440.0
2026-08-27,LTF,323.15,323.65,318.6,321.9,3273758.0
2026-08-27,LTFOODS,451.0,451.0,436.15,437.85,568938.0
2026-08-27,LTGILTBEES,30.0,30.02,29.93,29.94,710934.0
2026-08-27,LTGILTCASE,30.69,30.69,30.51,30.55,182606.0
2026-08-27,LTM,4494.6,4530.3,4464.0,4464.0,106428.0
2026-08-27,LTTS,3556.0,3564.0,3525.3,3537.9,36907.0
2026-08-27,LUMAXIND,6196.0,6204.0,6030.0,6094.5,20103.0
2026-08-27,LUMAXTECH,1927.9,1959.5,1908.4,1930.6,97288.0
2026-08-27,LUPIN,2169.6,2186.1,2144.7,2158.1,964354.0
2026-08-27,LUXIND,1213.2,1213.2,1191.2,1201.0,12647.0
2026-08-27,LXCHEM,173.25,173.39,167.01,167.47,500942.0
2026-08-27,M&M,3410.0,3420.0,3330.0,3330.0,1853016.0
2026-08-27,M&MFIN,385.85,388.6,380.4,383.35,1390537.0
2026-08-27,MAANALU,120.49,120.9,115.6,116.68,61592.0
2026-08-27,MACPOWER,1831.8,1921.5,1826.1,1868.8,36143.0
2026-08-27,MADHAV,36.8,36.8,33.7,35.19,1831.0
2026-08-27,MADHAVIPL,8.18,8.2,7.95,8.12,129794.0
2026-08-27,MADRASFERT,70.5,70.9,67.8,67.97,77038.0
2026-08-27,MAFANG,206.55,206.55,206.55,206.55,52377.0
2026-08-27,MAFATIND,120.8,122.5,119.87,120.73,21835.0
2026-08-27,MAGADSUGAR,577.0,582.45,547.35,551.0,38876.0
2026-08-27,MAGNUM,19.01,19.29,18.8,19.25,19375.0
2026-08-27,MAHABANK,85.74,86.19,84.05,84.69,16185909.0
2026-08-27,MAHAPEXLTD,57.95,58.99,55.36,55.95,5127.0
2026-08-27,MAHEPC,106.06,107.68,106.06,106.86,4257.0
2026-08-27,MAHKTECH,22.57,22.57,22.57,22.57,301227.0
2026-08-27,MAHLIFE,371.25,376.45,368.0,368.65,63804.0
2026-08-27,MAHLOG,397.0,403.4,390.5,391.6,100872.0
2026-08-27,MAHSCOOTER,13700.0,13880.0,13502.0,13564.0,2539.0
2026-08-27,MAHSEAMLES,635.0,652.65,634.95,642.05,302076.0
2026-08-27,MAITHANALL,1010.0,1013.4,992.0,994.8,21538.0
2026-08-27,MAKEINDIA,170.24,170.24,165.55,168.87,27609.0
2026-08-27,MAKERSL,207.0,213.98,205.12,206.11,7822.0
2026-08-27,MALLCOM,989.9,998.95,966.0,973.4,1617.0
2026-08-27,MALUPAPER,31.6,33.0,31.6,32.25,8315.0
2026-08-27,MAMATA,407.0,410.95,401.5,403.5,24795.0
2026-08-27,MANAKALUCO,40.0,40.7,38.74,39.1,46528.0
2026-08-27,MANAKCOAT,124.31,124.32,119.86,121.09,171239.0
2026-08-27,MANAKSIA,57.0,58.34,56.5,56.89,12936.0
2026-08-27,MANAKSTEEL,86.98,91.37,86.8,90.28,86493.0
2026-08-27,MANALIPETC,74.36,75.0,70.47,70.8,874458.0
2026-08-27,MANAPPURAM,365.4,369.9,346.0,348.0,10434499.0
2026-08-27,MANBA,131.7,131.82,128.81,129.93,65983.0
2026-08-27,MANBRO,61.49,61.49,58.52,60.51,126899.0
2026-08-27,MANCREDIT,221.6,231.5,220.69,229.52,293346.0
2026-08-27,MANGALAM,31.5,32.99,31.5,32.15,34979.0
2026-08-27,MANGLMCEM,1057.7,1089.4,1046.6,1058.2,170829.0
2026-08-27,MANINDS,708.0,783.4,705.85,767.45,2263237.0
2026-08-27,MANINFRA,116.85,116.9,114.9,115.46,2358626.0
2026-08-27,MANIPALHOS,801.0,804.0,783.0,797.95,1421335.0
2026-08-27,MANKIND,2405.0,2417.5,2377.6,2417.5,322167.0
2026-08-27,MANOMAY,221.42,228.8,218.4,227.91,488882.0
2026-08-27,MANORAMA,1901.5,1920.6,1882.0,1887.2,94994.0
2026-08-27,MANORG,503.55,514.0,499.0,500.0,9985.0
2026-08-27,MANUFGBEES,167.11,167.22,166.07,166.66,2617.0
2026-08-27,MANYAVAR,550.65,550.65,540.15,544.55,374606.0
2026-08-27,MAPMYINDIA,1010.0,1021.0,970.0,977.1,174052.0
2026-08-27,MARALOVER,55.7,57.48,54.1,56.27,32937.0
2026-08-27,MARATHON,424.9,430.8,413.55,428.75,318928.0
2026-08-27,MARICO,833.1,837.75,825.8,833.5,2081594.0
2026-08-27,MARINE,378.55,382.0,371.45,374.1,318798.0
2026-08-27,MARKOLINES,172.12,174.92,171.0,172.74,112561.0
2026-08-27,MARKSANS,332.0,332.95,323.05,326.15,1415329.0
2026-08-27,MARSONS,123.65,127.94,122.39,125.54,5656610.0
2026-08-27,MARUTI,13520.0,13580.0,13404.0,13440.0,315555.0
2026-08-27,MASFIN,298.9,298.9,294.8,295.5,138307.0
2026-08-27,MASKINVEST,151.72,151.72,145.0,146.3,7.0
2026-08-27,MASPTOP50,79.96,79.96,79.96,79.96,97888.0
2026-08-27,MASTEK,1648.5,1653.6,1607.1,1611.6,81510.0
2026-08-27,MASTERTR,84.96,85.96,83.0,83.34,221561.0
2026-08-27,MATRIMONY,515.0,531.0,507.05,515.45,17404.0
2026-08-27,MAWANASUG,140.33,145.0,139.1,141.67,260812.0
2026-08-27,MAXESTATES,559.7,563.0,538.65,558.45,259350.0
2026-08-27,MAXHEALTH,1006.1,1012.0,999.1,1009.0,1471151.0
2026-08-27,MAXIND,150.72,154.4,149.51,150.48,30422.0
2026-08-27,MAYURUNIQ,747.45,761.0,728.05,749.4,75037.0
2026-08-27,MAZDOCK,2625.0,2634.0,2583.1,2588.0,511497.0
2026-08-27,MBAPL,167.2,168.84,160.3,162.78,1110873.0
2026-08-27,MBEL,273.2,278.2,271.45,273.3,70930.0
2026-08-27,MBLINFRA,23.4,24.19,22.51,22.62,71491.0
2026-08-27,MCCHRLS-B,799.0,799.0,670.0,680.0,141.0
2026-08-27,MCL,59.88,59.88,57.5,57.77,68404.0
2026-08-27,MCLEODRUSS,49.55,50.35,49.0,49.17,169212.0
2026-08-27,MCLOUD,28.98,29.27,27.6,27.79,2410252.0
2026-08-27,MCX,3330.0,3362.0,3270.8,3273.0,2087896.0
2026-08-27,MEDANTA,1466.2,1544.0,1455.2,1508.9,1109587.0
2026-08-27,MEDIASSIST,340.05,346.5,335.4,337.25,281912.0
2026-08-27,MEDICAMEQ,241.38,242.43,228.0,230.74,28626.0
2026-08-27,MEDICAPQ,25.6,27.38,25.0,25.5,4211.0
2026-08-27,MEDICO,42.37,43.7,41.5,43.31,146929.0
2026-08-27,MEDPLUS,695.0,695.0,681.6,688.35,55452.0
2026-08-27,MEESHO,209.34,212.48,206.72,207.64,9320536.0
2026-08-27,MEGASTAR,308.2,312.0,306.7,309.2,1384.0
2026-08-27,MEIL,302.0,308.0,298.0,304.3,199012.0
2026-08-27,MENNPIS,69.91,75.6,69.91,74.59,125327.0
2026-08-27,MERCANTILE,26.28,26.28,24.5,24.71,5524.0
2026-08-27,MERCURYEV,39.73,40.5,38.17,38.93,79392.0
2026-08-27,METAL,13.59,13.79,13.42,13.56,2407949.0
2026-08-27,METALIETF,13.72,14.02,13.47,13.49,7213479.0
2026-08-27,METROBRAND,955.5,955.5,915.0,921.7,22707.0
2026-08-27,METROGLOBL,138.1,140.0,135.0,135.07,875.0
2026-08-27,METROPOLIS,573.15,579.0,568.05,576.9,297439.0
2026-08-27,MFML,19.74,19.75,18.4,18.53,11692.0
2026-08-27,MFSL,1590.0,1590.9,1568.0,1568.0,732972.0
2026-08-27,MGL,1113.2,1118.0,1089.2,1092.8,155301.0
2026-08-27,MHRIL,218.3,219.59,209.22,211.23,406340.0
2026-08-27,MID150,24.18,24.18,23.85,23.98,24582.0
2026-08-27,MID150BEES,240.4,244.99,240.4,243.5,475575.0
2026-08-27,MID150CASE,12.17,12.17,11.72,11.85,1043872.0
2026-08-27,MIDBANKADD,17.54,17.54,17.35,17.37,3168.0
2026-08-27,MIDCAP,18.89,18.94,18.74,18.81,439840.0
2026-08-27,MIDCAPADD,23.67,23.69,23.5,23.56,6550.0
2026-08-27,MIDCAPBETA,238.0,240.0,235.55,238.01,266.0
2026-08-27,MIDCAPETF,24.09,24.34,24.0,24.02,1489906.0
2026-08-27,MIDCAPIETF,24.37,24.47,24.21,24.31,515402.0
2026-08-27,MIDHANI,425.0,434.05,417.25,418.3,803522.0
2026-08-27,MIDQ50ADD,25.5,25.6,25.42,25.49,61358.0
2026-08-27,MIDSELIETF,19.65,20.38,19.61,20.16,221312.0
2026-08-27,MIDSMALL,52.55,52.81,52.41,52.48,551095.0
2026-08-27,MIDWESTLTD,1149.0,1149.0,1110.0,1114.4,13200.0
2026-08-27,MIIL,716.75,742.9,711.8,718.75,75771.0
2026-08-27,MILKYMIST,227.39,233.8,212.66,217.31,59235093.0
2026-08-27,MINDACORP,711.0,711.9,685.5,690.65,379106.0
2026-08-27,MINDTECK,171.52,173.74,171.01,172.4,17586.0
2026-08-27,MIRZAINT,31.96,32.14,31.26,31.56,112343.0
2026-08-27,MITTAL,0.87,0.87,0.85,0.85,403760.0
2026-08-27,MKEXIM,64.0,68.69,62.01,64.3,40017.0
2026-08-27,MKPL,4.17,4.17,4.02,4.11,109758.0
2026-08-27,MLKFOOD,90.01,91.0,85.5,86.87,4960.0
2026-08-27,MMFL,628.5,634.55,612.0,625.8,87622.0
2026-08-27,MMP,402.95,405.95,395.05,403.45,28165.0
2026-08-27,MMTC,64.41,64.6,63.3,63.51,906339.0
2026-08-27,MMWL,15.9,15.9,14.9,14.97,52297.0
2026-08-27,MNC,34.27,34.42,33.98,34.05,27445.0
2026-08-27,MOALPHA50,57.25,58.7,57.09,57.1,19739.0
2026-08-27,MOBANK10,17.18,17.18,16.95,16.95,2397.0
2026-08-27,MOBIKWIK,195.25,196.4,190.1,191.55,625739.0
2026-08-27,MOCAPITAL,55.48,55.86,54.86,55.03,773494.0
2026-08-27,MODEFENCE,107.3,108.0,107.14,107.31,881780.0
2026-08-27,MODIRUBBER,136.88,136.88,130.01,132.47,6513.0
2026-08-27,MODIS,402.1,404.0,377.4,379.7,216567.0
2026-08-27,MODTHREAD,55.51,55.99,47.35,55.68,26488.0
2026-08-27,MOENERGY,39.08,39.08,38.2,38.3,52810.0
2026-08-27,MOGOLD,158.9,158.9,153.85,155.35,157650.0
2026-08-27,MOGSEC,65.08,65.74,65.08,65.39,5777.0
2026-08-27,MOHEALTH,51.8,52.85,51.33,51.83,118365.0
2026-08-27,MOHITE,2.55,2.69,2.55,2.64,17300.0
2026-08-27,MOHITIND,23.06,25.85,23.06,25.07,36060.0
2026-08-27,MOIL,268.4,268.4,260.1,260.95,752383.0
2026-08-27,MOINFRA,59.14,59.24,58.89,58.99,3420.0
2026-08-27,MOIPO,50.58,50.58,49.12,49.2,10016.0
2026-08-27,MOKSH,10.46,10.46,10.06,10.08,210111.0
2026-08-27,MOL,61.84,63.16,60.1,60.29,813370.0
2026-08-27,MOLBIO,1234.0,1243.7,1130.1,1144.15,1151166.0
2026-08-27,MOLDTKPAC,715.5,721.0,698.0,702.2,104568.0
2026-08-27,MOLOWVOL,36.85,36.85,36.58,36.62,2948.0
2026-08-27,MOM100,69.6,69.8,69.11,69.22,137634.0
2026-08-27,MOM30IETF,31.9,32.3,31.35,31.94,484119.0
2026-08-27,MOM50,254.1,259.0,252.99,256.07,6571.0
2026-08-27,MOMENTUM,31.94,32.04,31.8,31.8,85710.0
2026-08-27,MOMENTUM30,31.55,31.62,31.34,31.42,23793.0
2026-08-27,MOMENTUM50,55.15,55.44,55.01,55.2,382540.0
2026-08-27,MOMETAL,13.74,13.74,13.45,13.48,27375.0
2026-08-27,MOMGF,166.13,166.27,165.65,165.65,334.0
2026-08-27,MOMIDMTM,65.88,65.93,65.43,65.68,43227.0
2026-08-27,MOMMIDCAP,13.34,13.39,13.28,13.29,1085442.0
2026-08-27,MOMNC,33.31,33.31,33.03,33.15,309.0
2026-08-27,MOMOMENTUM,63.9,64.0,63.4,63.58,68651.0
2026-08-27,MON100,326.94,326.94,326.94,326.94,95399.0
2026-08-27,MON50EQUAL,33.7,33.7,33.42,33.52,20729.0
2026-08-27,MONARCH,379.0,383.1,369.2,374.7,193820.0
2026-08-27,MONEXT50,74.61,74.62,74.15,74.59,1759.0
2026-08-27,MONEYBOXX,56.01,56.89,56.0,56.0,9576.0
2026-08-27,MONIFTY100,25.99,25.99,25.46,25.62,10061.0
2026-08-27,MONIFTY500,24.75,24.75,24.06,24.09,237064.0
2026-08-27,MONQ50,146.52,146.52,146.52,146.52,14181.0
2026-08-27,MONTECARLO,546.9,546.9,525.0,528.4,96060.0
2026-08-27,MOOILGAS,10.9,11.4,10.9,11.1,4450.0
2026-08-27,MOPSE,99.37,101.5,98.5,99.02,1604.0
2026-08-27,MOQUALITY,203.82,203.82,202.4,202.4,639.0
2026-08-27,MOREALTY,92.32,92.32,91.0,91.27,194287.0
2026-08-27,MOREPENLAB,97.44,99.75,95.5,96.7,14619445.0
2026-08-27,MOSCHIP,206.0,224.0,206.0,219.36,17473565.0
2026-08-27,MOSERVICE,31.13,31.14,31.0,31.01,1798.0
2026-08-27,MOSILVER,237.59,237.59,231.59,234.19,54592.0
2026-08-27,MOSMALL250,18.64,18.64,18.5,18.54,503520.0
2026-08-27,MOTHERSON,166.0,167.94,164.77,166.0,12301325.0
2026-08-27,MOTILALOFS,1040.0,1044.35,1021.9,1038.1,903803.0
2026-08-27,MOTISONS,16.59,16.73,16.12,16.27,23481007.0
2026-08-27,MOTOUR,79.93,80.27,79.31,79.39,4556.0
2026-08-27,MOVALUE,114.23,114.3,113.14,113.47,59255.0
2026-08-27,MPHASIS,2391.2,2419.2,2385.3,2413.6,136275.0
2026-08-27,MPSLTD,2723.8,2725.9,2651.0,2660.2,16336.0
2026-08-27,MRF,133600.0,133790.0,132500.0,133600.0,2084.0
2026-08-27,MRPL,173.2,174.51,169.22,170.8,3267127.0
2026-08-27,MSCI360,10.27,10.27,10.13,10.22,18364.0
2026-08-27,MSCIADD,29.89,29.9,29.73,29.9,576.0
2026-08-27,MSCIINDIA,30.24,30.24,29.9,30.03,15521.0
2026-08-27,MSL,146.18,147.0,146.18,147.0,47.0
2026-08-27,MSPL,35.08,35.22,34.36,34.59,444753.0
2026-08-27,MSTCLTD,741.15,741.2,715.0,722.25,215356.0
2026-08-27,MSUMI,37.67,38.07,37.13,37.92,9513977.0
2026-08-27,MTNL,26.79,26.88,26.35,26.56,446896.0
2026-08-27,MUFIN,137.25,138.38,135.01,135.95,480958.0
2026-08-27,MUFTI,79.0,79.04,77.5,77.91,93626.0
2026-08-27,MUKANDLTD,137.03,137.98,135.1,136.26,60318.0
2026-08-27,MUKKA,25.88,26.14,25.1,25.29,354982.0
2026-08-27,MULTICAP,17.32,17.32,16.88,16.89,59385.0
2026-08-27,MUNJALAU,115.03,115.65,110.7,111.42,462444.0
2026-08-27,MUNJALSHOW,133.7,133.7,131.0,131.27,10794.0
2026-08-27,MURUDCERA,30.68,30.9,30.41,30.65,4805.0
2026-08-27,MUTHOOTCAP,243.1,246.59,240.22,241.13,5446.0
2026-08-27,MUTHOOTFIN,3198.7,3246.5,3059.1,3085.0,1120055.0
2026-08-27,MUTHOOTMF,218.53,221.0,204.0,204.94,590236.0
2026-08-27,MVELECTRO,565.5,672.15,559.95,646.8,14689330.0
2026-08-27,MVGJL,156.08,159.33,153.01,153.77,64608.0
2026-08-27,MWL,39.88,40.5,39.11,40.01,187023.0
2026-08-27,NACLIND,178.0,179.28,174.1,174.8,200406.0
2026-08-27,NAGREEKCAP,23.8,23.99,22.0,22.5,3067.0
2026-08-27,NAGREEKEXP,22.8,22.8,22.1,22.52,5505.0
2026-08-27,NAHARCAP,258.5,260.5,251.8,255.75,1044.0
2026-08-27,NAHARINDUS,135.0,140.7,135.0,138.1,27875.0
2026-08-27,NAHARPOLY,245.35,250.0,244.05,246.55,6568.0
2026-08-27,NAHARSPING,298.5,298.5,290.0,291.25,14921.0
2026-08-27,NAM-INDIA,1223.0,1234.0,1195.8,1204.0,1049814.0
2026-08-27,NARMADA,13.97,14.51,13.8,13.87,300260.0
2026-08-27,NATCAPSUQ,181.0,216.33,179.17,214.16,268991.0
2026-08-27,NATCOPHARM,868.0,869.9,853.0,857.6,279220.0
2026-08-27,NATHBIOGEN,155.0,155.0,152.27,153.86,17896.0
2026-08-27,NATIONALUM,399.3,403.35,388.0,389.3,2903197.0
2026-08-27,NATIONSTD,103.44,107.45,103.44,103.44,39226.0
2026-08-27,NAUKRI,1319.6,1345.6,1318.0,1330.0,982905.0
2026-08-27,NAVA,568.1,570.05,554.4,556.5,186733.0
2026-08-27,NAVINFLUOR,8590.0,8625.0,8428.0,8567.5,161439.0
2026-08-27,NAVKARCORP,98.4,98.4,97.02,97.37,101043.0
2026-08-27,NAVNETEDUL,133.11,133.85,132.96,133.59,50566.0
2026-08-27,NAZARA,355.75,359.5,351.0,354.5,809757.0
2026-08-27,NBCC,89.25,89.67,88.42,88.6,3405853.0
2026-08-27,NBIFIN,1975.5,2020.0,1975.5,1980.1,66.0
2026-08-27,NCC,147.19,152.6,147.19,150.29,4102590.0
2026-08-27,NCLIND,181.85,183.47,177.05,178.61,38756.0
2026-08-27,NDGL,2889.0,2895.0,2802.8,2826.5,50.0
2026-08-27,NDL,3.04,3.08,2.95,2.96,1666013.0
2026-08-27,NDLVENTURE,126.85,126.85,118.0,122.62,9645.0
2026-08-27,NDRAUTO,740.0,749.95,730.0,733.3,9618.0
2026-08-27,NDTV,74.35,75.44,73.8,74.2,48551.0
2026-08-27,NEAGI,3400.0,3400.0,3306.0,3306.0,99.0
2026-08-27,NECLIFE,12.9,13.5,12.9,13.08,1022442.0
2026-08-27,NELCAST,115.3,120.69,114.82,117.08,311282.0
2026-08-27,NELCO,940.0,983.8,933.2,960.4,521633.0
2026-08-27,NEOGEN,2183.0,2246.3,2173.0,2230.2,128727.0
2026-08-27,NEPHROPLUS,693.65,699.3,683.0,685.45,114061.0
2026-08-27,NESCO,1024.0,1030.0,1015.0,1017.1,24736.0
2026-08-27,NESTLEIND,1451.5,1465.0,1440.3,1450.0,637066.0
2026-08-27,NETF,264.95,264.95,260.12,261.99,1311.0
2026-08-27,NETWEB,5380.0,5450.1,5250.0,5272.2,2077974.0
2026-08-27,NETWORK18,30.44,30.45,28.98,29.14,5882491.0
2026-08-27,NEULANDLAB,23545.0,23730.0,23350.0,23496.0,37696.0
2026-08-27,NEWGEN,525.1,531.55,520.2,523.0,415158.0
2026-08-27,NEXT30ADD,43.43,43.45,43.18,43.42,3788.0
2026-08-27,NEXT50,779.49,779.49,767.07,768.67,16086.0
2026-08-27,NEXT50ADD,75.58,75.58,74.82,75.06,4324.0
2026-08-27,NEXT50BETA,80.98,80.98,80.01,80.29,224988.0
2026-08-27,NEXT50ETF,76.1,76.1,74.81,75.08,19564.0
2026-08-27,NEXT50IETF,78.66,79.0,78.15,78.56,273381.0
2026-08-27,NEXTMEDIA,3.75,3.94,3.61,3.85,21424.0
2026-08-27,NFL,71.82,72.0,71.21,71.36,430598.0
2026-08-27,NGIL,38.8,42.69,37.0,41.96,124146.0
2026-08-27,NGLFINE,2877.3,2964.0,2830.6,2901.1,4203.0
2026-08-27,NH,1891.3,1922.0,1880.6,1903.8,314326.0
2026-08-27,NHPC,76.04,76.55,75.24,76.55,7001214.0
2026-08-27,NIACL,188.0,188.0,184.34,185.2,615307.0
2026-08-27,NIBE,1395.1,1407.8,1378.1,1388.6,31196.0
2026-08-27,NIBL,30.16,31.44,30.16,30.58,13529.0
2026-08-27,NICCOPAR,82.5,95.25,82.5,90.23,4054.0
2026-08-27,NIF100BEES,269.68,271.92,268.38,268.93,24777.0
2026-08-27,NIF100IETF,28.38,28.5,28.23,28.37,74967.0
2026-08-27,NIFTY1,272.5,272.5,267.2,268.32,1073918.0
2026-08-27,NIFTY100EW,35.94,35.94,35.49,35.69,33598.0
2026-08-27,NIFTYADD,255.57,255.68,254.54,254.7,4484.0
2026-08-27,NIFTYAXIS,269.26,269.26,266.59,267.74,7675.0
2026-08-27,NIFTYBEES,276.01,283.94,275.4,275.74,6648075.0
2026-08-27,NIFTYBETA,269.92,270.94,267.69,268.27,62830.0
2026-08-27,NIFTYBETF,250.03,255.0,248.24,248.86,13560.0
2026-08-27,NIFTYCASE,10.01,10.01,9.69,9.71,861269.0
2026-08-27,NIFTYETF,264.05,265.9,261.91,262.89,49802.0
2026-08-27,NIFTYIETF,274.59,275.6,273.63,274.23,375591.0
2026-08-27,NIFTYJBLK,12.77,12.77,12.38,12.38,100108.0
2026-08-27,NIFTYQLITY,21.7,21.7,21.42,21.5,54751.0
2026-08-27,NIITLTD,104.27,104.27,100.34,102.94,611287.0
2026-08-27,NIITMTS,233.68,233.68,226.5,229.81,112221.0
2026-08-27,NILAINFRA,6.99,7.0,6.87,6.89,231587.0
2026-08-27,NILASPACES,13.0,13.24,12.24,12.43,2111213.0
2026-08-27,NILE,1472.1,1500.3,1470.2,1478.8,3554.0
2026-08-27,NILKAMAL,2107.2,2118.6,2062.1,2081.6,21992.0
2026-08-27,NIMBSPROJ,170.2,172.87,168.5,169.7,92467.0
2026-08-27,NINSYS,713.0,724.95,712.25,713.95,1081.0
2026-08-27,NIPPOBATRY,320.0,333.95,320.0,327.35,1244.0
2026-08-27,NIRAJ,29.2,29.79,28.51,28.57,25049.0
2026-08-27,NIRAJISPAT,216.0,257.0,216.0,246.59,556.0
2026-08-27,NIRLON,645.2,645.2,630.0,631.2,5317.0
2026-08-27,NITCO,98.9,99.88,96.5,97.56,819938.0
2026-08-27,NITINSPIN,628.25,631.0,616.1,620.45,77358.0
2026-08-27,NITIRAJ,182.03,205.84,182.03,203.42,1329.0
2026-08-27,NITTAGELA,1580.0,1598.0,1564.3,1589.5,3613.0
2026-08-27,NIVABUPA,82.18,82.89,82.11,82.5,196144.0
2026-08-27,NKIND,64.45,66.0,57.0,59.65,5547.0
2026-08-27,NLCINDIA,272.7,272.7,268.0,268.8,666043.0
2026-08-27,NMDC,88.5,89.1,85.72,85.72,16189617.0
2026-08-27,NOCIL,165.4,166.5,162.92,165.13,847691.0
2026-08-27,NOIDATOLL,4.14,4.18,4.06,4.13,36328.0
2026-08-27,NORBTEAEXP,67.4,69.89,67.2,67.3,1136.0
2026-08-27,NORTHARC,290.05,292.9,280.45,286.3,4612806.0
2026-08-27,NOVARTIND,1490.1,1505.0,1461.2,1490.2,6478.0
2026-08-27,NPBET,283.64,289.3,283.63,288.0,600.0
2026-08-27,NPST,1660.2,1690.0,1625.3,1638.8,20285.0
2026-08-27,NRAIL,509.05,512.0,505.25,511.3,5884.0
2026-08-27,NRBBEARING,473.5,480.0,465.0,466.6,246960.0
2026-08-27,NSIL,5777.0,5823.5,5725.0,5741.0,1718.0
2026-08-27,NSLNISP,41.44,45.48,41.19,44.99,86668492.0
2026-08-27,NTCIND,134.9,139.69,133.0,136.42,541.0
2026-08-27,NTPC,335.0,335.95,328.4,330.9,12911842.0
2026-08-27,NTPCGREEN,91.35,91.62,90.7,90.99,1161327.0
2026-08-27,NUCLEUS,734.55,742.0,734.55,738.1,12856.0
2026-08-27,NUVAMA,1779.3,1793.0,1758.0,1784.0,180923.0
2026-08-27,NUVOCO,324.0,329.85,321.5,324.15,394709.0
2026-08-27,NV20,14.27,14.27,13.89,13.92,27366.0
2026-08-27,NV20BEES,140.06,140.09,138.72,139.41,19695.0
2026-08-27,NV20IETF,13.63,13.66,13.51,13.58,331517.0
2026-08-27,NYKAA,340.0,340.35,336.4,338.0,1530501.0
2026-08-27,OAL,400.0,432.55,400.0,428.95,565331.0
2026-08-27,OBCL,58.0,58.0,55.7,56.16,3976.0
2026-08-27,OBEROIRLTY,1875.2,1875.3,1844.9,1872.9,270326.0
2026-08-27,ODIGMA,22.5,23.49,22.15,22.73,11102.0
2026-08-27,ODYCORP,7.59,7.59,7.06,7.1,52084.0
2026-08-27,OFSS,11840.0,11916.0,11720.0,11855.0,186762.0
2026-08-27,OIL,469.15,472.95,465.1,469.85,1445687.0
2026-08-27,OILIETF,11.32,11.37,11.25,11.26,1001196.0
2026-08-27,OLAELEC,38.0,38.14,37.3,37.63,17733163.0
2026-08-27,OLECTRA,1330.0,1338.9,1317.4,1326.3,216139.0
2026-08-27,OMAXAUTO,186.84,193.5,183.22,191.23,38392.0
2026-08-27,OMAXE,108.0,115.0,107.21,113.38,4979734.0
2026-08-27,OMINFRAL,82.24,84.0,81.5,83.3,48931.0
2026-08-27,OMNI,577.5,587.0,572.4,575.7,237985.0
2026-08-27,OMPOWER,172.84,173.0,170.0,172.27,84420.0
2026-08-27,ONEGLOBAL,565.0,565.0,540.0,541.4,8373.0
2026-08-27,ONEPOINT,55.62,55.7,54.75,55.54,750084.0
2026-08-27,ONESOURCE,1493.9,1551.0,1491.1,1517.5,315066.0
2026-08-27,ONGC,232.21,234.44,231.1,232.0,11219541.0
2026-08-27,ONIDA,37.58,37.58,36.0,36.24,366341.0
2026-08-27,ONIXSOLAR,296.7,303.05,284.75,301.0,350922.0
2026-08-27,ONWARDTEC,283.05,294.35,283.05,285.6,39930.0
2026-08-27,OPTIEMUS,583.4,587.4,574.4,576.45,121096.0
2026-08-27,OPTIFIN,13.94,13.94,12.9,13.09,50770.0
2026-08-27,ORCHASP,1.39,1.47,1.39,1.43,239511.0
2026-08-27,ORCHPHARMA,973.35,984.0,923.7,928.8,177784.0
2026-08-27,ORICONENT,56.98,56.98,55.01,55.4,23280.0
2026-08-27,ORIENTALTL,5.3,5.3,5.01,5.14,54620.0
2026-08-27,ORIENTBELL,379.1,382.05,371.1,377.2,37203.0
2026-08-27,ORIENTCEM,134.86,134.86,131.0,131.41,105869.0
2026-08-27,ORIENTCER,46.69,47.14,44.81,45.29,150649.0
2026-08-27,ORIENTELEC,187.0,187.0,177.14,179.46,230617.0
2026-08-27,ORIENTHOT,140.91,141.0,138.5,139.15,831862.0
2026-08-27,ORIENTPPR,17.0,17.28,16.92,17.04,119793.0
2026-08-27,ORIENTTECH,248.25,248.25,242.85,243.65,58999.0
2026-08-27,ORIRAIL,131.61,133.85,125.7,126.56,128112.0
2026-08-27,ORISSAMINE,4555.0,4625.8,4515.3,4543.5,7028.0
2026-08-27,ORKLAINDIA,575.95,609.9,575.95,606.0,407447.0
2026-08-27,ORTINGLOBE,14.72,15.74,14.72,15.1,4209.0
2026-08-27,OSWALAGRO,36.61,37.8,36.61,36.86,14188.0
2026-08-27,OSWALGREEN,21.12,21.18,20.73,20.9,102763.0
2026-08-27,OSWALPUMPS,300.0,301.0,295.35,298.4,235063.0
2026-08-27,OSWALSEEDS,12.3,12.5,11.97,12.17,50780.0
2026-08-27,PACEDIGITK,180.25,182.06,179.0,179.15,285578.0
2026-08-27,PACIFICI,149.6,149.6,135.3,137.63,651.0
2026-08-27,PAGEIND,35160.0,36215.0,35160.0,35800.0,28033.0
2026-08-27,PAISALO,68.06,68.5,67.53,67.83,4630410.0
2026-08-27,PAKKA,80.6,81.79,77.1,77.64,111632.0
2026-08-27,PALASHSECU,91.9,91.9,87.5,89.78,3706.0
2026-08-27,PANACEABIO,398.2,399.95,390.0,393.25,65254.0
2026-08-27,PANAMAPET,484.85,485.1,466.55,470.75,291022.0
2026-08-27,PANORAMA,48.65,49.29,47.5,48.26,255386.0
2026-08-27,PANSARI,324.0,324.0,311.1,315.0,17.0
2026-08-27,PAR,99.99,99.99,99.16,99.56,10240.0
2026-08-27,PARACABLES,60.08,61.52,58.28,59.37,1875208.0
2026-08-27,PARADEEP,162.91,162.92,159.61,160.55,4038004.0
2026-08-27,PARAGMILK,245.8,249.0,240.25,241.17,743453.0
2026-08-27,PARAS,1497.5,1506.0,1451.0,1454.8,613310.0
2026-08-27,PARASPETRO,2.3,2.39,2.21,2.24,292645.0
2026-08-27,PARKHOSPS,289.3,292.0,285.3,290.15,576513.0
2026-08-27,PARKHOTELS,112.75,114.59,111.71,112.11,214064.0
2026-08-27,PARNAXLAB,123.41,123.41,123.4,123.41,1460.0
2026-08-27,PASHUPATI,85.25,85.25,83.82,84.17,11357.0
2026-08-27,PATANJALI,348.0,348.85,345.25,348.25,1056545.0
2026-08-27,PATELENG,28.65,29.55,28.56,29.08,4636446.0
2026-08-27,PATELRMART,232.99,237.85,231.0,234.25,74789.0
2026-08-27,PAUSHAKLTD,746.15,754.65,735.1,738.2,7797.0
2026-08-27,PAVNAIND,18.84,18.89,18.11,18.51,348252.0
2026-08-27,PAYTM,1720.4,1731.0,1679.0,1679.0,3395055.0
2026-08-27,PBMPOLY,60.0,60.5,58.0,60.2,65.0
2026-08-27,PCBL,326.9,327.95,321.35,323.0,455268.0
2026-08-27,PCJEWELLER,11.17,11.32,10.92,11.01,332871058.0
2026-08-27,PDMJEPAPER,90.57,91.7,86.0,87.52,121080.0
2026-08-27,PDSL,370.35,375.45,359.65,366.55,95276.0
2026-08-27,PEARLPOLY,15.52,15.94,15.0,15.18,14297.0
2026-08-27,PENIND,157.5,164.4,156.18,160.9,725935.0
2026-08-27,PERMAGN,900.55,900.55,864.0,869.45,2080.0
2026-08-27,PERSISTENT,5640.0,5679.5,5597.0,5654.0,191424.0
2026-08-27,PETRONET,290.0,293.35,289.6,290.95,1988032.0
2026-08-27,PFC,361.75,362.3,352.35,355.85,12745960.0
2026-08-27,PFIZER,4816.9,4819.1,4730.0,4740.4,20922.0
2026-08-27,PFOCUS,301.95,303.3,295.0,295.65,403749.0
2026-08-27,PFS,27.8,27.85,27.2,27.24,423965.0
2026-08-27,PGEL,587.15,604.7,587.15,596.0,1069342.0
2026-08-27,PGHH,8125.0,8208.5,8085.0,8102.5,7803.0
2026-08-27,PGHL,5720.0,5781.5,5713.0,5722.5,9113.0
2026-08-27,PGIL,2280.0,2315.2,2262.0,2294.8,58387.0
2026-08-27,PHARMABEES,27.7,27.7,27.37,27.54,3327348.0
2026-08-27,PHOENIXLTD,1926.0,1944.8,1897.2,1901.7,469493.0
2026-08-27,PHOENXINTL,32.0,32.04,30.05,30.31,928.0
2026-08-27,PICCADIL,668.8,668.8,651.1,653.85,107744.0
2026-08-27,PIDILITIND,1650.0,1668.5,1640.0,1656.0,852620.0
2026-08-27,PIGL,103.0,106.0,101.0,101.85,23137.0
2026-08-27,PIIND,2508.3,2536.5,2460.0,2467.0,107358.0
2026-08-27,PILANIINVS,4424.9,4450.0,4350.0,4363.8,1684.0
2026-08-27,PILITA,8.14,8.4,8.1,8.11,86576.0
2026-08-27,PINELABS,170.2,173.1,168.5,169.67,31650500.0
2026-08-27,PIONEEREMB,22.0,22.0,21.95,21.98,2199.0
2026-08-27,PIRAMALFIN,2228.0,2241.2,2201.5,2228.7,322634.0
2026-08-27,PITTIENG,1125.0,1149.5,1105.0,1129.65,153159.0
2026-08-27,PIXTRANS,1810.1,1892.1,1810.1,1863.6,28376.0
2026-08-27,PKTEA,785.0,785.0,737.0,751.85,80.0
2026-08-27,PLASTIBLEN,190.25,196.19,189.0,189.24,16361.0
2026-08-27,PLATIND,218.39,231.95,216.41,227.31,146353.0
2026-08-27,PLAZACABLE,52.5,54.0,50.22,51.3,46229.0
2026-08-27,PML,499.0,499.0,485.35,498.0,262.0
2026-08-27,PNB,116.7,117.2,115.07,115.4,10955188.0
2026-08-27,PNBGILTS,79.87,79.87,77.4,77.96,265347.0
2026-08-27,PNBHOUSING,1177.0,1195.0,1176.6,1178.0,388513.0
2026-08-27,PNC,17.07,17.6,16.99,17.44,3159.0
2026-08-27,PNCINFRA,201.9,203.0,197.37,198.34,360275.0
2026-08-27,PNGJL,597.0,601.0,582.75,594.55,552777.0
2026-08-27,PNGSREVA,563.65,564.9,538.1,542.9,127409.0
2026-08-27,POCL,510.9,515.9,501.5,511.3,317241.0
2026-08-27,PODDARMENT,248.35,251.35,242.75,245.8,2808.0
2026-08-27,POEL,149.65,153.78,149.65,150.6,11911.0
2026-08-27,POKARNA,869.7,876.25,852.95,855.3,31056.0
2026-08-27,POLICYBZR,1852.0,1852.0,1821.1,1837.9,1734864.0
2026-08-27,POLYCAB,9148.0,9188.0,8906.0,9079.0,477929.0
2026-08-27,POLYMED,1712.0,1727.5,1682.3,1712.6,109590.0
2026-08-27,POLYPLEX,1172.5,1181.5,1147.1,1149.2,43298.0
2026-08-27,POLYSPIN,29.0,31.93,28.0,31.93,114.0
2026-08-27,PONNIERODE,392.0,395.25,379.95,382.0,52604.0
2026-08-27,POONAWALLA,474.65,484.0,471.75,482.35,1434979.0
2026-08-27,POWERGRID,264.8,266.3,262.3,264.9,7118715.0
2026-08-27,POWERICA,532.0,534.4,516.15,519.0,108857.0
2026-08-27,POWERINDIA,33395.0,34250.0,33290.0,33880.0,87939.0
2026-08-27,POWERMECH,2513.9,2570.0,2513.9,2547.4,49931.0
2026-08-27,PPLPHARMA,211.9,219.5,210.65,214.95,4647834.0
2026-08-27,PRABHA,209.16,213.8,205.0,206.86,81746.0
2026-08-27,PRAENG,19.85,20.0,19.31,19.76,11024.0
2026-08-27,PRAJIND,350.95,357.15,348.35,354.4,783561.0
2026-08-27,PRAKASH,131.0,131.23,126.7,127.31,241618.0
2026-08-27,PRAKASHSTL,3.87,3.98,3.87,3.88,96363.0
2026-08-27,PRAVEG,260.75,281.0,257.0,275.0,414062.0
2026-08-27,PRAXIS,5.19,5.19,4.94,4.98,137214.0
2026-08-27,PRECAM,129.1,130.5,124.55,125.8,131571.0
2026-08-27,PRECOT,696.35,712.85,690.0,703.75,1662.0
2026-08-27,PRECWIRE,433.0,436.55,421.2,422.8,350769.0
2026-08-27,PREMCO,381.45,393.0,370.05,384.35,381.0
2026-08-27,PREMEXPLN,671.95,673.95,665.0,666.25,83749.0
2026-08-27,PREMIERENE,1003.0,1020.0,985.1,1000.0,1498122.0
2026-08-27,PREMIERPOL,91.55,95.9,88.0,95.21,830116.0
2026-08-27,PRESTIGE,1623.6,1635.9,1609.6,1623.0,264298.0
2026-08-27,PRICOLLTD,781.0,796.75,764.15,776.7,441982.0
2026-08-27,PRIMESECU,281.7,284.05,275.2,279.9,5727.0
2026-08-27,PRIMO,21.6,21.62,21.0,21.49,104515.0
2026-08-27,PRINCEPIPE,300.0,303.0,293.4,295.65,330658.0
2026-08-27,PRISMX,0.54,0.55,0.52,0.53,83271.0
2026-08-27,PRIVISCL,3480.0,3489.0,3450.0,3456.6,27749.0
2026-08-27,PROSTARM,137.12,137.5,132.0,132.52,124540.0
2026-08-27,PROTEAN,566.0,572.0,553.1,556.9,244683.0
2026-08-27,PROZONER,45.88,45.88,42.91,44.21,253149.0
2026-08-27,PRSMJOHNSN,112.0,112.19,110.9,111.16,370685.0
2026-08-27,PRUDENT,3405.0,3509.9,3351.0,3473.5,60513.0
2026-08-27,PSB,23.5,23.65,23.2,23.32,1461842.0
2026-08-27,PSPPROJECT,909.2,911.6,898.0,901.2,23261.0
2026-08-27,PSUBANK,87.43,87.63,85.8,86.08,791438.0
2026-08-27,PSUBANKADD,88.09,88.09,86.86,87.02,34081.0
2026-08-27,PSUBNKBEES,96.42,97.2,95.9,96.08,1126383.0
2026-08-27,PSUBNKIETF,86.94,88.19,86.93,87.09,63484.0
2026-08-27,PTC,157.22,159.0,156.75,157.96,711786.0
2026-08-27,PTCIL,20801.0,20888.0,20429.0,20622.0,16310.0
2026-08-27,PTL,38.3,38.81,38.3,38.41,24028.0
2026-08-27,PUNJABCHEM,1119.0,1135.9,1110.6,1112.8,2654.0
2026-08-27,PURVA,218.9,219.5,212.0,214.22,139252.0
2026-08-27,PVP,58.9,62.12,57.51,62.12,6580316.0
2026-08-27,PVRINOX,1255.2,1260.1,1229.1,1236.3,431393.0
2026-08-27,PVSL,106.53,109.8,105.63,106.08,28688.0
2026-08-27,PVTBANIETF,28.04,28.23,28.02,28.12,2224292.0
2026-08-27,PVTBANK,27.81,28.03,27.81,27.94,37160.0
2026-08-27,PVTBANKADD,28.31,28.4,28.24,28.28,121002.0
2026-08-27,PVTBKGROWW,28.09,28.09,27.33,27.89,52090.0
2026-08-27,PWL,127.6,128.25,122.65,124.09,8276711.0
2026-08-27,PYRAMID,164.07,164.83,158.15,159.99,52418.0
2026-08-27,QGOLDHALF,132.94,132.94,128.65,130.48,266948.0
2026-08-27,QNIFTY,268.0,268.0,265.4,266.19,10992.0
2026-08-27,QPOWER,1302.9,1363.1,1301.5,1363.1,224360.0
2026-08-27,QUADFUTURE,415.0,439.8,411.7,432.55,1763494.0
2026-08-27,QUAL30IETF,21.42,21.42,21.2,21.26,241818.0
2026-08-27,QUALITY30,20.98,20.98,20.81,20.9,8127.0
2026-08-27,QUESS,370.75,374.0,355.0,356.95,607375.0
2026-08-27,QUINT,43.9,43.9,39.23,40.26,13432.0
2026-08-27,RACE,101.9,101.99,98.0,101.59,3586.0
2026-08-27,RACLGEAR,1526.6,1537.9,1484.3,1528.8,29003.0
2026-08-27,RADAAN,3.02,3.08,2.91,3.01,12988.0
2026-08-27,RADHIKAJWE,71.35,72.85,69.54,70.33,888439.0
2026-08-27,RADIANTCMS,41.51,41.75,39.69,40.41,367982.0
2026-08-27,RADICO,4617.9,4650.6,4574.3,4606.0,212632.0
2026-08-27,RADIOCITY,6.62,6.82,6.5,6.57,31627.0
2026-08-27,RAILTEL,280.55,282.3,278.5,279.05,291964.0
2026-08-27,RAIN,195.72,200.63,193.1,194.38,2796963.0
2026-08-27,RAINBOW,1445.0,1449.9,1423.9,1441.0,69440.0
2026-08-27,RAJMET,3.29,3.29,3.07,3.13,1031559.0
2026-08-27,RAJPALAYAM,828.0,828.0,810.0,810.0,385.0
2026-08-27,RAJRATAN,495.75,509.0,485.25,489.55,70021.0
2026-08-27,RAJSREESUG,37.3,37.3,35.1,35.25,91732.0
2026-08-27,RAJTV,10.68,10.68,10.11,10.43,11911.0
2026-08-27,RALLIS,213.01,213.93,209.8,210.24,412837.0
2026-08-27,RAMANEWS,32.0,33.49,31.75,32.77,32254.0
2026-08-27,RAMAPHO,126.0,128.01,124.2,126.56,30254.0
2026-08-27,RAMBHAJO,259.7,279.33,237.01,263.57,16411137.0
2026-08-27,RAMCOCEM,943.0,943.0,890.35,892.55,706106.0
2026-08-27,RAMCOIND,350.25,355.0,339.45,341.6,114445.0
2026-08-27,RAMCOSYS,553.0,565.6,552.25,556.2,100913.0
2026-08-27,RAMKY,366.7,370.05,360.0,362.75,36363.0
2026-08-27,RAMRAT,528.35,580.5,526.0,569.6,3785377.0
2026-08-27,RANASUG,14.9,15.02,14.52,14.75,513788.0
2026-08-27,RANEHOLDIN,1580.8,1637.0,1577.7,1593.9,8041.0
2026-08-27,RATEGAIN,939.2,943.75,911.0,918.25,344863.0
2026-08-27,RATNAMANI,2641.1,2759.9,2631.0,2654.8,121827.0
2026-08-27,RATNAVEER,281.0,296.9,280.66,294.89,7098522.0
2026-08-27,RAYMOND,624.15,625.65,611.0,614.0,342690.0
2026-08-27,RAYMONDLSL,710.7,711.65,689.0,692.2,220397.0
2026-08-27,RAYMONDREL,575.0,578.35,560.2,565.4,130850.0
2026-08-27,RBA,102.99,104.48,99.9,100.62,4278593.0
2026-08-27,RBLBANK,382.55,387.0,381.6,385.4,1606356.0
2026-08-27,RBZJEWEL,148.25,150.79,145.68,146.46,90071.0
2026-08-27,RCF,122.36,122.71,121.48,121.77,704727.0
2026-08-27,RECLTD,323.15,324.55,317.3,320.9,6223407.0
2026-08-27,REDINGTON,355.0,365.2,354.2,358.4,3395377.0
2026-08-27,REDTAPE,122.25,125.7,121.84,124.26,503927.0
2026-08-27,REFEX,296.0,296.15,286.5,289.4,347748.0
2026-08-27,REGAAL,95.1,95.69,92.25,93.04,227821.0
2026-08-27,REGENCERAM,35.0,35.0,32.82,33.0,3706.0
2026-08-27,RELAXO,367.95,369.6,353.8,356.1,221407.0
2026-08-27,RELCHEMQ,116.47,119.0,112.72,113.36,821.0
2026-08-27,RELIABLE,142.13,142.13,137.0,138.94,62620.0
2026-08-27,RELIANCE,1305.0,1308.4,1282.2,1282.2,11271497.0
2026-08-27,RELIGARE,226.65,236.0,226.65,234.2,582315.0
2026-08-27,RELTD,157.4,159.0,155.25,156.4,84687.0
2026-08-27,REMSONSIND,81.09,82.98,80.1,80.46,46303.0
2026-08-27,RENUKA,24.04,24.29,23.32,23.43,17586067.0
2026-08-27,REPCOHOME,362.5,372.0,359.05,365.7,160112.0
2026-08-27,REPRO,309.25,312.9,305.0,309.1,15925.0
2026-08-27,RESPONIND,151.0,159.9,149.86,156.82,279092.0
2026-08-27,RETAIL,17.9,17.9,17.0,17.11,1927.0
2026-08-27,RGL,149.79,149.79,130.77,133.81,10152479.0
2026-08-27,RHETAN,22.24,22.24,21.2,21.23,13706911.0
2026-08-27,RHIM,372.45,373.5,364.85,370.3,282303.0
2026-08-27,RHL,169.0,170.0,165.0,166.54,1991.0
2026-08-27,RICOAUTO,131.0,133.07,129.45,130.02,868806.0
2026-08-27,RIIL,769.9,769.9,755.1,758.9,31756.0
2026-08-27,RIR,165.44,166.9,161.0,162.21,92180.0
2026-08-27,RISHABH,687.7,704.95,686.05,690.5,139748.0
2026-08-27,RITCO,312.5,318.4,307.8,310.1,47535.0
2026-08-27,RITES,218.0,218.92,216.51,217.19,157885.0
2026-08-27,RKDL,18.88,18.95,18.31,18.88,19865.0
2026-08-27,RKEC,23.97,23.97,22.0,22.32,32945.0
2026-08-27,RKFORGE,731.9,741.3,713.35,716.65,576114.0
2026-08-27,RKSWAMY,94.0,94.5,93.0,94.01,48023.0
2026-08-27,RMC,257.0,258.2,248.6,249.45,39639.0
2026-08-27,RML,1150.0,1156.0,1120.0,1123.3,22508.0
2026-08-27,RNBDENIMS,9.34,9.37,9.11,9.37,284132.0
2026-08-27,ROHLTD,306.0,308.4,302.2,303.15,9004.0
2026-08-27,ROLEXRINGS,185.44,186.7,179.7,180.43,1114798.0
2026-08-27,ROML,42.47,42.56,39.55,40.61,12924.0
2026-08-27,ROSSARI,500.05,502.45,495.05,497.05,21341.0
2026-08-27,ROSSELLIND,66.0,73.0,55.82,56.99,2432924.0
2026-08-27,ROSSTECH,1098.2,1149.0,1096.5,1103.4,250599.0
2026-08-27,ROTO,65.9,66.08,64.61,65.02,139044.0
2026-08-27,ROUTE,524.0,531.0,508.05,509.0,220945.0
2026-08-27,RPEL,1736.0,1765.9,1702.0,1745.4,94129.0
2026-08-27,RPGLIFE,2592.7,2617.0,2560.0,2567.6,5515.0
2026-08-27,RPOWER,22.7,22.93,22.6,22.71,11093761.0
2026-08-27,RPPINFRA,57.25,58.1,56.63,57.53,535308.0
2026-08-27,RPSGVENT,865.4,869.15,857.0,861.35,9070.0
2026-08-27,RPTECH,787.5,804.75,776.15,782.5,401788.0
2026-08-27,RRECL,136.5,145.0,136.5,145.0,12.0
2026-08-27,RRIL,17.56,17.57,16.91,17.27,10008.0
2026-08-27,RRKABEL,2819.0,2918.8,2790.0,2830.1,773963.0
2026-08-27,RSL,166.3,174.45,165.94,172.47,1772814.0
2026-08-27,RSSOFTWARE,32.0,32.94,31.0,32.93,66301.0
2026-08-27,RSYSTEMS,240.0,244.05,235.5,239.1,206236.0
2026-08-27,RTNINDIA,30.24,30.4,30.0,30.1,1230141.0
2026-08-27,RTNPOWER,7.98,8.0,7.8,7.83,13450323.0
2026-08-27,RTSPOWR,94.5,94.5,89.3,89.44,6949.0
2026-08-27,RUBFILA,65.65,66.9,65.6,66.54,18575.0
2026-08-27,RUBICON,1809.0,1872.0,1790.0,1841.0,379324.0
2026-08-27,RUCHINFRA,5.8,5.89,5.78,5.83,27190.0
2026-08-27,RUCHIRA,102.0,104.73,102.0,102.7,17057.0
2026-08-27,RUDRA,21.19,21.74,20.0,20.29,721765.0
2026-08-27,RUPA,149.26,151.05,147.09,147.55,64113.0
2026-08-27,RUSHIL,16.82,16.94,16.41,16.49,205707.0
2026-08-27,RUSTOMJEE,379.1,384.0,372.8,381.8,23977.0
2026-08-27,RVHL,40.5,40.69,38.48,39.78,18438.0
2026-08-27,RVNL,220.87,221.8,215.11,216.0,4589569.0
2026-08-27,RVTH,730.0,746.0,725.1,736.3,108.0
2026-08-27,S&SPOWER,354.9,354.9,333.2,334.05,3117.0
2026-08-27,SAATVIKGL,423.85,430.0,420.0,428.4,46407.0
2026-08-27,SAB,170.0,170.0,170.0,170.0,101.0
2026-08-27,SADBHAV,8.14,8.47,7.8,8.47,287558.0
2026-08-27,SAFARI,1496.1,1541.0,1496.1,1522.2,48118.0
2026-08-27,SAGARDEEP,24.2,26.99,23.51,23.79,33589.0
2026-08-27,SAGCEM,167.67,168.28,163.21,164.09,14441.0
2026-08-27,SAGILITY,44.13,45.23,43.9,44.27,38898220.0
2026-08-27,SAHLIBHFI,74.51,76.5,73.0,75.0,7785.0
2026-08-27,SAHYADRI,345.4,352.25,342.0,348.15,7367.0
2026-08-27,SAICAPI,153.0,153.0,140.5,140.51,232.0
2026-08-27,SAIL,193.9,195.9,187.5,193.0,41844533.0
2026-08-27,SAILIFE,1467.1,1498.1,1458.1,1488.2,431944.0
2026-08-27,SAIPARENT,471.25,534.85,471.25,520.7,234900.0
2026-08-27,SAKAR,904.0,904.0,871.35,892.6,79776.0
2026-08-27,SAKHTISUG,20.9,21.05,19.53,19.74,345589.0
2026-08-27,SAKSOFT,160.4,161.65,156.5,157.78,127771.0
2026-08-27,SAKUMA,1.88,1.9,1.68,1.71,2753012.0
2026-08-27,SALASAR,5.95,5.97,5.87,5.88,1996275.0
2026-08-27,SALONA,278.0,287.0,265.25,268.09,7827.0
2026-08-27,SALSTEEL,70.05,75.22,70.05,71.59,617914.0
2026-08-27,SALZERELEC,556.5,560.15,543.0,547.25,68041.0
2026-08-27,SAMBANDAM,126.0,130.0,113.1,118.51,2163.0
2026-08-27,SAMBHAAV,6.2,6.29,6.05,6.09,64358.0
2026-08-27,SAMBHV,128.9,128.9,123.0,124.14,831851.0
2026-08-27,SAMHI,159.11,160.48,157.1,157.55,1226286.0
2026-08-27,SAMMAANCAP,149.45,150.67,146.8,147.34,5696106.0
2026-08-27,SAMPANN,26.6,26.6,25.51,25.61,12017.0
2026-08-27,SANATHAN,462.0,470.0,453.0,461.45,9780.0
2026-08-27,SANDESH,1037.9,1038.35,1013.4,1017.6,351.0
2026-08-27,SANDHAR,659.8,663.2,644.8,651.75,130633.0
2026-08-27,SANDUMA,209.9,213.45,206.0,206.95,726534.0
2026-08-27,SANGAMIND,570.3,585.25,567.05,579.8,36440.0
2026-08-27,SANGHVIMOV,457.0,458.45,442.1,444.65,387376.0
2026-08-27,SANOFI,3185.6,3200.0,3165.2,3181.0,15305.0
2026-08-27,SANOFICONR,4169.2,4184.9,4132.0,4150.0,1480.0
2026-08-27,SANSERA,3836.6,3897.9,3805.0,3842.8,81562.0
2026-08-27,SANSTAR,109.2,110.95,108.17,109.25,129899.0
2026-08-27,SAPPHIRE,249.0,257.19,238.15,239.74,2247967.0
2026-08-27,SAPPL,288.95,288.95,281.05,288.0,274.0
2026-08-27,SARDAEN,514.4,514.4,507.6,509.6,161484.0
2026-08-27,SAREGAMA,498.35,502.75,484.3,487.5,469479.0
2026-08-27,SARLAPOLY,101.0,101.49,99.9,100.41,20491.0
2026-08-27,SARVESHWAR,3.48,3.49,3.42,3.42,782302.0
2026-08-27,SASKEN,1832.0,1900.0,1832.0,1861.4,9015.0
2026-08-27,SATIA,58.0,60.69,57.6,58.01,160572.0
2026-08-27,SATIN,223.0,233.0,223.0,226.01,246686.0
2026-08-27,SAURASHCEM,58.61,59.25,56.81,57.13,164766.0
2026-08-27,SAYAJIHOTL,333.0,333.0,318.0,332.0,8.0
2026-08-27,SAYAJIIND,117.49,117.49,117.49,117.49,102.0
2026-08-27,SBC,40.4,41.98,39.85,41.45,8469794.0
2026-08-27,SBCL,1061.9,1079.6,1032.1,1044.2,342146.0
2026-08-27,SBFC,101.71,103.37,97.7,98.61,6843021.0
2026-08-27,SBGLP,23.16,24.79,23.16,24.0,21293.0
2026-08-27,SBIBPB,50.6,50.9,49.41,49.89,32106.0
2026-08-27,SBICARD,664.2,665.5,644.45,645.0,1739414.0
2026-08-27,SBIETFCON,128.11,128.11,123.12,123.24,2199.0
2026-08-27,SBIETFIT,337.92,338.41,334.0,336.44,7232.0
2026-08-27,SBIETFPB,281.06,286.85,281.06,284.57,5598.0
2026-08-27,SBIETFQLTY,224.05,225.0,223.22,224.04,412.0
2026-08-27,SBIFUNDS,562.95,567.4,555.05,562.55,1745658.0
2026-08-27,SBILIFE,1769.0,1798.9,1766.5,1773.2,941103.0
2026-08-27,SBILIQETF,1053.5,1053.5,1053.48,1053.49,99598.0
2026-08-27,SBIMIDMOM,65.97,65.97,64.71,64.73,43378.0
2026-08-27,SBIN,1052.0,1054.4,1042.9,1042.9,4788716.0
2026-08-27,SBINEQWETF,33.95,33.95,33.52,33.69,20165.0
2026-08-27,SBINMID150,23.8,23.8,23.43,23.56,25193.0
2026-08-27,SBISILVER,241.76,241.76,229.3,231.97,1233872.0
2026-08-27,SBISMLETF,18.59,18.59,18.42,18.46,86035.0
2026-08-27,SBIVALETF,14.87,14.87,14.72,14.73,10723.0
2026-08-27,SCHAEFFLER,4001.0,4084.0,4001.0,4051.1,75168.0
2026-08-27,SCHAND,138.46,138.46,134.5,134.72,22971.0
2026-08-27,SCHNEIDER,1175.8,1214.9,1172.1,1207.0,302871.0
2026-08-27,SCI,289.45,300.85,289.4,292.55,3800765.0
2026-08-27,SCILAL,40.15,40.44,39.87,40.02,120058.0
2026-08-27,SCODATUBES,129.57,133.46,128.12,130.93,226996.0
2026-08-27,SDBL,72.99,73.24,71.5,71.82,337962.0
2026-08-27,SEAMECLTD,1660.0,1670.1,1600.0,1624.4,76118.0
2026-08-27,SECMARK,128.0,129.4,126.95,126.95,14.0
2026-08-27,SECURKLOUD,18.0,18.0,17.45,17.8,6298.0
2026-08-27,SEDEMAC,3071.9,3150.5,3011.0,3026.5,77550.0
2026-08-27,SEIL,211.66,214.3,206.22,208.11,329879.0
2026-08-27,SEJALLTD,673.55,686.9,664.0,676.5,3143.0
2026-08-27,SEKURITIND,117.62,117.62,116.1,116.78,23587.0
2026-08-27,SELECTIPO,49.45,49.45,49.17,49.31,60280.0
2026-08-27,SELMC,28.78,30.5,27.24,27.45,12252.0
2026-08-27,SEMAC,286.0,294.95,284.05,285.3,243.0
2026-08-27,SENCO,369.0,369.6,361.05,362.75,378231.0
2026-08-27,SENORES,1501.4,1513.7,1461.1,1474.6,172487.0
2026-08-27,SENSEXADD,79.97,80.32,79.53,80.06,434.0
2026-08-27,SENSEXAXIS,80.5,80.5,80.02,80.24,31026.0
2026-08-27,SENSEXBETA,860.62,860.99,856.5,857.94,2688.0
2026-08-27,SENSEXETF,80.22,80.22,79.63,79.8,42120.0
2026-08-27,SENSEXIETF,895.0,895.99,889.0,890.05,6297.0
2026-08-27,SEPC,5.85,5.94,5.65,5.71,50238318.0
2026-08-27,SERVOTECH,81.65,82.5,80.81,81.12,238961.0
2026-08-27,SESHAPAPER,229.54,234.6,225.1,230.11,26016.0
2026-08-27,SETF10GILT,264.39,266.64,264.2,265.06,1582.0
2026-08-27,SETFGOLD,139.87,139.87,132.11,134.35,6934038.0
2026-08-27,SETFNIF50,260.83,263.0,260.02,260.51,1214237.0
2026-08-27,SETFNIFBK,594.83,595.28,590.55,592.65,14216.0
2026-08-27,SETFNN50,802.0,802.99,792.84,795.26,32228.0
2026-08-27,SETL,336.75,346.9,335.6,346.9,497377.0
2026-08-27,SFL,650.2,655.0,633.3,636.3,80080.0
2026-08-27,SGFIN,695.95,703.45,685.55,687.45,177629.0
2026-08-27,SGIL,586.35,599.0,583.15,597.85,20282.0
2026-08-27,SGL,10.08,10.48,9.88,10.04,8802.0
2026-08-27,SGLRES,2.4,2.44,2.28,2.32,24319.0
2026-08-27,SGMART,848.0,858.2,802.15,810.25,542016.0
2026-08-27,SGRL,519.7,524.9,510.0,516.7,3407.0
2026-08-27,SHADOWFAX,246.0,253.2,235.5,238.6,4055797.0
2026-08-27,SHAH,3.2,3.79,3.14,3.78,43893037.0
2026-08-27,SHAHALLOYS,78.92,86.75,78.0,85.96,213584.0
2026-08-27,SHAILY,3235.0,3333.0,3222.9,3289.0,114517.0
2026-08-27,SHAKTIPUMP,490.4,503.0,486.85,497.4,361174.0
2026-08-27,SHALBY,156.92,157.79,153.5,154.33,50336.0
2026-08-27,SHANKARA,147.69,148.39,146.02,146.95,55600.0
2026-08-27,SHANKESH,93.9,93.99,89.01,89.69,4656197.0
2026-08-27,SHANTI,6.44,6.44,5.94,6.11,14368.0
2026-08-27,SHANTIGEAR,555.45,558.95,533.4,544.8,273195.0
2026-08-27,SHANTIGOLD,258.9,259.99,242.5,246.05,8500484.0
2026-08-27,SHARDACROP,796.9,803.0,784.55,793.05,190071.0
2026-08-27,SHARDAMOTR,897.3,897.3,872.1,874.5,29628.0
2026-08-27,SHAREINDIA,171.0,172.89,167.6,169.02,116849.0
2026-08-27,SHARIABEES,458.89,464.61,454.3,458.14,3881.0
2026-08-27,SHBAJRG,162.1,173.49,162.01,171.19,4323.0
2026-08-27,SHERVANI,325.0,325.0,321.0,321.45,54.0
2026-08-27,SHILCTECH,3920.0,4123.8,3920.0,4045.8,36592.0
2026-08-27,SHILGRAVQ,169.39,169.4,165.05,169.0,725.0
2026-08-27,SHILPAMED,860.75,919.0,858.65,901.85,2274142.0
2026-08-27,SHINDL,160.1,166.7,160.1,164.23,217350.0
2026-08-27,SHIPROCKET,133.2,134.4,130.3,132.09,6410001.0
2026-08-27,SHIVAAGRO,40.65,42.5,40.02,40.74,441.0
2026-08-27,SHIVACEM,16.87,16.87,16.31,16.55,21023.0
2026-08-27,SHIVAMILLS,60.5,62.7,59.5,62.6,115.0
2026-08-27,SHIVATEX,162.05,172.0,162.05,170.97,6103.0
2026-08-27,SHIVAUM,449.45,449.45,445.0,445.0,1264.0
2026-08-27,SHK,156.48,157.0,150.0,151.41,315780.0
2026-08-27,SHOPERSTOP,386.35,388.7,371.45,374.85,29552.0
2026-08-27,SHRADDHA,145.0,153.95,145.0,151.27,7787.0
2026-08-27,SHRADHA,32.25,33.44,31.51,32.39,17461.0
2026-08-27,SHREDIGCEM,75.0,79.7,74.0,77.91,228970.0
2026-08-27,SHREECEM,24825.0,24945.0,24425.0,24480.0,11780.0
2026-08-27,SHREEJISPG,635.1,649.55,630.95,640.35,692051.0
2026-08-27,SHREEPUSHK,457.1,481.5,449.35,452.25,309322.0
2026-08-27,SHREERAMA,43.87,44.2,42.72,43.1,60326.0
2026-08-27,SHREYANIND,123.01,126.8,123.01,124.61,5612.0
2026-08-27,SHRIKRISH,38.2,38.2,36.0,36.55,962.0
2026-08-27,SHRINGARMS,220.5,222.98,217.75,219.37,349065.0
2026-08-27,SHRIPISTON,4601.0,4627.9,4434.2,4498.4,73996.0
2026-08-27,SHRIRAMFIN,1112.0,1127.5,1091.5,1101.0,4358707.0
2026-08-27,SHRIRAMPPS,77.93,78.04,76.55,76.74,158600.0
2026-08-27,SHRJAGP,680.0,694.95,668.05,682.85,578.0
2026-08-27,SHUKRAPHAR,44.9,45.34,44.2,44.22,1003469.0
2026-08-27,SHYAMMETL,1040.5,1083.9,1031.0,1042.4,2075025.0
2026-08-27,SHYAMTEL,13.15,13.15,13.0,13.1,8266.0
2026-08-27,SICAGEN,56.0,56.0,53.86,54.97,29181.0
2026-08-27,SIEL,34.49,34.49,34.0,34.49,2288.0
2026-08-27,SIEMENS,4050.0,4128.8,4050.0,4095.0,455385.0
2026-08-27,SIGACHI,33.85,33.86,32.06,32.51,2562407.0
2026-08-27,SIGMA,48.85,49.7,46.77,47.54,302696.0
2026-08-27,SIGMAADV,730.95,763.65,730.95,763.65,942674.0
2026-08-27,SIGNATURE,773.65,788.35,771.1,783.5,199200.0
2026-08-27,SIGNPOST,261.75,265.65,257.0,261.3,23105.0
2026-08-27,SIKA,1010.0,1024.9,993.5,1006.9,18378.0
2026-08-27,SIL,19.56,20.08,19.2,19.32,37009.0
2026-08-27,SILGO,73.28,75.07,72.55,74.03,136582.0
2026-08-27,SILINV,475.1,493.0,465.3,478.1,1406.0
2026-08-27,SILLYMONKS,16.64,16.64,15.35,15.5,45633.0
2026-08-27,SILVER,242.0,242.0,233.87,236.56,957125.0
2026-08-27,SILVER001,24.49,25.5,23.47,23.91,89411.0
2026-08-27,SILVER1,22.78,24.53,22.71,22.97,9135682.0
2026-08-27,SILVER360,236.46,236.46,230.69,233.1,24742.0
2026-08-27,SILVERADD,231.22,231.23,225.75,228.41,485881.0
2026-08-27,SILVERAG,233.25,233.27,227.83,230.77,464655.0
2026-08-27,SILVERAXIS,230.0,237.55,230.0,235.43,3401405.0
2026-08-27,SILVERBEES,228.9,228.98,223.76,226.37,27766700.0
2026-08-27,SILVERBETA,231.33,231.33,225.9,228.62,800031.0
2026-08-27,SILVERBND,242.83,242.83,235.57,236.84,5261.0
2026-08-27,SILVERCASE,25.02,25.03,23.77,23.96,12293512.0
2026-08-27,SILVERIETF,239.18,239.2,233.81,236.3,3023396.0
2026-08-27,SILVERTUC,178.6,182.35,176.0,178.58,349824.0
2026-08-27,SIMPLEXINF,255.0,262.5,253.04,258.67,100700.0
2026-08-27,SIMPLXREA,125.4,130.4,125.4,130.4,3.0
2026-08-27,SINCLAIR,75.1,80.3,74.0,79.92,143654.0
2026-08-27,SINDHUTRAD,24.98,25.34,24.5,24.99,3096938.0
2026-08-27,SINGERIND,77.84,78.5,75.63,76.96,126431.0
2026-08-27,SINTERCOM,80.99,80.99,79.29,79.82,1034.0
2026-08-27,SIRCA,437.0,441.0,432.1,435.1,455904.0
2026-08-27,SIS,420.0,428.95,418.2,421.7,313306.0
2026-08-27,SIYSIL,572.05,574.15,561.55,564.8,26972.0
2026-08-27,SJS,2488.0,2529.0,2485.0,2502.5,99001.0
2026-08-27,SJVN,65.86,66.0,65.0,65.26,1317235.0
2026-08-27,SKFINDIA,1594.4,1596.4,1562.2,1566.0,18762.0
2026-08-27,SKFINDUS,2870.0,2930.0,2835.1,2891.6,33057.0
2026-08-27,SKIPPER,546.9,566.75,545.3,558.1,1662168.0
2026-08-27,SKMEGGPROD,275.0,277.3,265.1,266.86,468960.0
2026-08-27,SKYGOLD,848.5,855.0,832.05,843.05,445982.0
2026-08-27,SMALL250,18.97,18.97,18.46,18.47,256138.0
2026-08-27,SMALLADD,18.66,18.66,18.55,18.56,12799.0
2026-08-27,SMALLCAP,49.35,49.38,49.03,49.11,2284952.0
2026-08-27,SMALLGROWW,49.47,50.84,48.92,50.52,9158.0
2026-08-27,SMALLIETF,18.56,18.56,18.44,18.51,35823.0
2026-08-27,SMARTWORKS,544.0,546.0,534.0,540.6,53458.0
2026-08-27,SMCGLOBAL,79.7,80.0,78.12,78.61,283462.0
2026-08-27,SML100CASE,11.71,11.71,11.37,11.41,2162153.0
2026-08-27,SMLMAH,5237.0,5250.0,5155.0,5194.0,38450.0
2026-08-27,SMLT,67.0,69.09,67.0,67.6,5180.0
2026-08-27,SMSPHARMA,359.2,363.85,354.1,362.45,153865.0
2026-08-27,SNOWMAN,37.27,37.46,36.75,36.85,110411.0
2026-08-27,SNXT30BEES,44.41,44.41,43.1,43.23,59641.0
2026-08-27,SNXT50BETA,96.08,97.23,96.01,96.85,1519.0
2026-08-27,SOBHA,1305.0,1305.0,1267.3,1273.9,50171.0
2026-08-27,SOFTTECH,424.25,427.0,415.75,419.4,6592.0
2026-08-27,SOLARA,619.05,620.45,601.2,611.85,235721.0
2026-08-27,SOLARINDS,20097.0,20649.0,20082.0,20580.0,192655.0
2026-08-27,SOLARWORLD,149.27,151.06,146.5,147.96,185553.0
2026-08-27,SOLEX,785.75,788.0,753.05,762.0,41650.0
2026-08-27,SOMANYCERA,565.0,565.0,552.15,556.6,219363.0
2026-08-27,SOMATEX,83.75,86.89,80.55,80.8,30964.0
2026-08-27,SOMICONVEY,91.5,93.7,90.05,91.28,44147.0
2026-08-27,SONACOMS,795.0,819.0,795.0,819.0,1914972.0
2026-08-27,SONAMLTD,65.7,65.7,62.44,63.24,53732.0
2026-08-27,SONATSOFTW,300.35,301.55,288.05,289.5,893667.0
2026-08-27,SOTL,702.4,708.35,676.35,679.45,200141.0
2026-08-27,SOUTHBANK,46.3,47.04,45.65,45.73,8299347.0
2026-08-27,SOUTHWEST,211.35,211.35,205.0,206.89,183911.0
2026-08-27,SPAL,950.7,964.0,936.0,952.95,37022.0
2026-08-27,SPANDANA,246.9,248.0,241.15,242.85,77018.0
2026-08-27,SPARC,194.69,202.38,192.0,194.98,811811.0
2026-08-27,SPCENET,3.31,3.38,3.31,3.34,635708.0
2026-08-27,SPELS,143.62,157.0,143.62,152.01,204147.0
2026-08-27,SPENCERS,30.4,30.42,29.22,29.71,35225.0
2026-08-27,SPIC,70.02,70.6,69.06,69.46,314076.0
2026-08-27,SPLIL,35.3,35.3,32.3,34.08,39293.0
2026-08-27,SPLPETRO,701.1,715.2,691.0,692.0,82584.0
2026-08-27,SPMLINFRA,186.71,187.74,178.49,180.0,203111.0
2026-08-27,SPORTKING,223.78,228.5,217.81,227.26,271124.0
2026-08-27,SRD,40.15,40.5,39.5,39.62,19220.0
2026-08-27,SREEL,262.0,266.4,259.27,263.24,21756.0
2026-08-27,SRF,2593.0,2627.0,2592.1,2605.0,225304.0
2026-08-27,SRGHFL,255.5,260.0,255.5,260.0,394.0
2026-08-27,SRHHYPOLTD,474.4,482.85,466.0,468.75,17832.0
2026-08-27,SRIKPRIND,20.9,21.65,20.22,20.65,3570.0
2026-08-27,SRM,462.5,465.0,443.2,446.25,134211.0
2026-08-27,SRTL,40.02,40.5,38.1,38.98,51668.0
2026-08-27,SSDL,56.65,58.2,56.0,56.33,35212.0
2026-08-27,SSWL,290.1,294.4,287.85,292.45,467198.0
2026-08-27,STANLEY,136.0,140.79,136.0,137.98,76157.0
2026-08-27,STAR,982.9,994.4,978.9,983.0,94124.0
2026-08-27,STARCEMENT,191.4,192.6,186.0,188.68,434910.0
2026-08-27,STARHEALTH,583.25,586.95,578.15,586.1,181960.0
2026-08-27,STARPAPER,147.77,152.8,145.0,148.97,18090.0
2026-08-27,STARTECK,250.0,259.9,246.15,256.65,7241.0
2026-08-27,STCINDIA,118.51,119.88,117.12,117.48,23181.0
2026-08-27,STEELCAS,347.15,350.0,335.55,339.85,67394.0
2026-08-27,STEELCITY,87.9,87.9,85.0,86.2,8483.0
2026-08-27,STEELXIND,10.84,10.84,10.56,10.66,811276.0
2026-08-27,STEL,625.0,631.95,608.4,622.6,4721.0
2026-08-27,STLNETWORK,25.69,26.45,25.61,25.99,1160371.0
2026-08-27,STOVEKRAFT,818.0,821.6,798.0,809.05,78325.0
2026-08-27,STUDDS,451.35,452.0,447.1,450.25,36654.0
2026-08-27,STYL,396.7,410.95,396.7,399.95,103912.0
2026-08-27,STYLAMIND,3570.0,3604.9,3443.2,3471.0,27283.0
2026-08-27,STYLEBAAZA,408.5,414.7,400.0,401.95,1518926.0
2026-08-27,STYRENIX,2064.5,2077.2,2014.0,2018.2,50752.0
2026-08-27,SUBEXLTD,17.63,18.6,17.22,17.95,5057156.0
2026-08-27,SUBROS,733.35,736.75,725.05,728.9,28576.0
2026-08-27,SUDARCOLOR,389.35,399.0,377.0,379.65,14953.0
2026-08-27,SUDARSCHEM,1239.9,1259.4,1223.2,1252.8,643589.0
2026-08-27,SUDEEPPHRM,1128.95,1149.9,1122.1,1134.1,139528.0
2026-08-27,SUKHJITS,161.53,165.0,161.53,162.32,11394.0
2026-08-27,SULA,148.55,149.8,146.5,146.92,145183.0
2026-08-27,SUMEDHA,39.8,40.19,39.12,39.27,1710.0
2026-08-27,SUMEETINDS,13.1,13.42,12.94,12.99,1630062.0
2026-08-27,SUMICHEM,533.1,534.0,520.35,525.0,103888.0
2026-08-27,SUMIT,50.9,51.89,49.71,51.53,44744.0
2026-08-27,SUMMITSEC,1425.0,1439.8,1415.0,1420.7,1827.0
2026-08-27,SUNCLAY,1242.0,1279.9,1242.0,1272.2,1101.0
2026-08-27,SUNDARAM,1.26,1.26,1.22,1.23,194576.0
2026-08-27,SUNDARMFIN,4530.0,4665.7,4500.0,4636.9,51237.0
2026-08-27,SUNDRMFAST,1244.4,1245.4,1214.0,1216.2,85029.0
2026-08-27,SUNDROP,661.8,663.25,648.0,655.45,19400.0
2026-08-27,SUNFLAG,353.35,354.0,342.2,344.4,120437.0
2026-08-27,SUNPHARMA,1907.1,1925.0,1898.0,1913.3,1107552.0
2026-08-27,SUNRAKSHAK,374.85,374.95,365.7,371.1,3426.0
2026-08-27,SUNSHIEL,1189.0,1209.6,1131.3,1156.3,1474.0
2026-08-27,SUNSHINE,368.0,378.0,366.3,368.1,1816347.0
2026-08-27,SUNTECK,312.05,313.2,305.25,307.5,67138.0
2026-08-27,SUNTV,467.45,467.5,461.0,463.95,288220.0
2026-08-27,SUPERHOUSE,176.0,178.95,167.74,169.9,9160.0
2026-08-27,SUPRAJIT,502.7,510.7,500.0,504.05,29850.0
2026-08-27,SUPREME,39.72,39.9,38.5,39.0,15330.0
2026-08-27,SUPREMEIND,3540.0,3633.5,3540.0,3585.0,152254.0
2026-08-27,SUPREMEINF,84.94,86.76,83.51,84.99,133453.0
2026-08-27,SUPRIYA,782.95,792.0,774.3,776.35,100955.0
2026-08-27,SURAJEST,197.17,197.25,193.1,195.77,143225.0
2026-08-27,SURAJLTD,213.5,216.85,210.0,214.0,33.0
2026-08-27,SURAKSHA,340.0,340.0,332.35,335.4,91126.0
2026-08-27,SURANASOL,25.66,25.99,25.0,25.45,30019.0
2026-08-27,SURANAT&P,16.45,16.45,15.5,15.91,77509.0
2026-08-27,SURYALA,382.0,389.0,382.0,382.15,146.0
2026-08-27,SURYALAXMI,57.92,58.0,56.65,57.14,1810.0
2026-08-27,SURYAROSNI,218.5,221.37,215.84,218.41,442419.0
2026-08-27,SURYODAY,159.1,159.1,154.3,155.68,297102.0
2026-08-27,SUVEN,372.0,374.1,363.5,368.1,295156.0
2026-08-27,SUVIDHAA,2.4,2.4,2.26,2.28,66595.0
2026-08-27,SUYOG,768.0,769.1,750.0,764.85,15071.0
2026-08-27,SUZLON,47.0,47.39,46.37,46.81,23836185.0
2026-08-27,SVGLOBAL,134.11,144.8,118.21,129.5,1849.0
2026-08-27,SVPGLOB,3.77,3.8,3.68,3.75,4717.0
2026-08-27,SWANCORP,299.45,306.5,295.65,303.8,1142323.0
2026-08-27,SWARAJENG,3575.0,3576.8,3535.0,3548.3,4442.0
2026-08-27,SWARNSAR,34.8,34.8,34.2,34.57,5171.0
2026-08-27,SWELECTES,605.2,605.5,588.0,594.2,19790.0
2026-08-27,SWIGGY,288.8,289.9,282.2,284.7,9150633.0
2026-08-27,SWISSMLTRY,17.74,18.09,16.8,17.16,147702.0
2026-08-27,SWSOLAR,203.0,203.38,197.15,199.15,632051.0
2026-08-27,SYMPHONY,602.5,605.0,597.0,599.05,32084.0
2026-08-27,SYNCOMF,17.15,18.34,17.13,17.34,8769056.0
2026-08-27,SYNGENE,412.9,418.5,407.6,413.8,479502.0
2026-08-27,SYRMA,1471.0,1499.0,1467.1,1493.5,957727.0
2026-08-27,TAALTECH,4488.0,4613.0,4370.0,4406.4,4853.0
2026-08-27,TAINWALCHM,212.06,216.83,211.02,212.68,2869.0
2026-08-27,TAJGVK,339.35,342.75,337.1,341.75,48286.0
2026-08-27,TAKE,16.98,16.98,16.98,16.98,56409.0
2026-08-27,TALBROAUTO,407.1,415.0,400.1,408.65,177405.0
2026-08-27,TANAA,300.0,300.85,291.6,292.7,11677.0
2026-08-27,TANLA,527.95,547.85,527.95,531.5,619699.0
2026-08-27,TARACHAND,47.72,49.99,47.72,48.59,50433.0
2026-08-27,TARAPUR,14.74,15.34,14.31,14.96,9977.0
2026-08-27,TARC,120.33,120.96,117.1,117.53,306535.0
2026-08-27,TARIL,304.0,313.35,302.0,304.15,1666044.0
2026-08-27,TARMAT,61.92,61.95,58.21,59.93,92840.0
2026-08-27,TARSONS,344.55,347.35,325.6,329.4,244355.0
2026-08-27,TASTYBITE,9966.5,10172.5,9755.0,9816.5,2577.0
2026-08-27,TATACAP,372.65,378.0,372.0,376.0,1550014.0
2026-08-27,TATACHEM,638.45,647.35,635.0,644.15,620346.0
2026-08-27,TATACOMM,1649.3,1705.7,1641.5,1689.6,290206.0
2026-08-27,TATACONSUM,1041.0,1048.4,1035.6,1042.0,996048.0
2026-08-27,TATAELXSI,3650.0,3664.6,3622.6,3633.2,92977.0
2026-08-27,TATAGOLD,15.54,15.54,15.06,15.29,78652833.0
2026-08-27,TATAINVEST,644.45,648.7,637.0,642.1,156007.0
2026-08-27,TATAPOWER,359.2,359.2,348.1,352.0,16236355.0
2026-08-27,TATASTEEL,188.05,190.25,186.5,186.8,40921836.0
2026-08-27,TATATECH,795.55,807.9,786.6,799.35,593573.0
2026-08-27,TATSILV,23.94,23.94,22.71,22.97,63551214.0
2026-08-27,TATVA,1620.0,1695.0,1581.5,1599.2,120039.0
2026-08-27,TBOTEK,1699.7,1725.9,1690.0,1696.6,103405.0
2026-08-27,TBZ,308.05,312.7,300.4,306.1,1842044.0
2026-08-27,TCC,233.0,243.65,230.0,231.75,617665.0
2026-08-27,TCI,899.5,907.6,895.0,897.3,13098.0
2026-08-27,TCIEXP,552.15,560.0,540.1,558.35,53331.0
2026-08-27,TCPLPACK,3880.0,3921.1,3828.1,3846.4,5515.0
2026-08-27,TCS,2270.0,2283.6,2243.9,2248.4,1709113.0
2026-08-27,TDPOWERSYS,730.2,765.5,730.2,740.6,2552484.0
2026-08-27,TEAMGTY,230.0,248.0,230.0,240.02,658.0
2026-08-27,TEAMLEASE,1256.2,1263.9,1229.7,1252.7,28997.0
2026-08-27,TECH,33.23,33.55,33.08,33.22,36036.0
2026-08-27,TECHM,1571.6,1600.0,1571.6,1585.0,1979336.0
2026-08-27,TECHNOCRAF,346.5,373.65,345.42,358.24,4686252.0
2026-08-27,TECHNOE,1004.0,1007.45,993.6,997.45,66454.0
2026-08-27,TECHNVISN,5145.6,5291.6,4911.0,5117.9,238.0
2026-08-27,TECILCHEM,9.66,9.66,8.82,9.09,10472.0
2026-08-27,TEGA,1662.0,1668.3,1615.9,1621.4,83977.0
2026-08-27,TEJASNET,506.5,517.95,504.9,511.15,948871.0
2026-08-27,TEMBO,59.2,59.3,57.0,57.7,759490.0
2026-08-27,TENNIND,538.0,544.7,536.4,541.4,533231.0
2026-08-27,TERAI,125.9,125.9,125.9,125.9,1.0
2026-08-27,TERASOFT,311.65,323.9,295.0,301.35,42482.0
2026-08-27,TEXINFRA,112.16,112.16,110.0,110.55,29042.0
2026-08-27,TEXMOPIPES,47.89,48.0,46.55,46.95,30818.0
2026-08-27,TEXRAIL,109.84,110.86,108.1,108.43,851548.0
2026-08-27,TFCILTD,141.8,146.0,140.43,141.84,10501249.0
2026-08-27,TFL,12.48,12.79,11.51,12.07,33191.0
2026-08-27,TGBHOTELS,9.28,9.63,8.55,9.15,44990.0
2026-08-27,TGVSL,106.05,106.79,104.31,104.96,92534.0
2026-08-27,THAKDEV,141.0,141.0,140.6,140.65,273.0
2026-08-27,THANGAMAYL,5499.0,5589.0,5474.5,5502.0,64030.0
2026-08-27,THEINVEST,99.8,99.8,94.01,94.96,4092.0
2026-08-27,THEJO,2045.6,2100.1,2039.0,2093.6,4315.0
2026-08-27,THELEELA,541.05,558.1,541.05,553.8,1130203.0
2026-08-27,THEMISMED,126.26,128.15,123.12,126.15,135765.0
2026-08-27,THERMAX,3970.0,4029.9,3954.0,3962.7,52092.0
2026-08-27,THOMASCOOK,111.3,111.59,109.55,110.06,953613.0
2026-08-27,THOMASCOTT,283.8,284.75,278.0,279.6,14941.0
2026-08-27,THYROCARE,605.2,605.2,577.75,581.45,396389.0
2026-08-27,TI,562.35,565.9,546.25,557.8,691828.0
2026-08-27,TIGERLOGS,29.54,30.48,29.48,30.09,242067.0
2026-08-27,TIIL,3385.0,3435.0,3310.5,3328.1,24929.0
2026-08-27,TIINDIA,2853.3,2879.4,2835.6,2870.0,139913.0
2026-08-27,TIJARIA,5.98,6.09,5.71,5.92,53557.0
2026-08-27,TIMETECHNO,186.3,187.99,184.25,185.67,3679157.0
2026-08-27,TIMEX,631.75,641.0,620.1,624.05,247568.0
2026-08-27,TIMKEN,3090.0,3197.0,3090.0,3183.4,31733.0
2026-08-27,TINNARUBR,1016.4,1027.8,984.1,998.4,62609.0
2026-08-27,TIPSFILMS,342.0,346.7,340.0,342.15,2195.0
2026-08-27,TIPSMUSIC,650.1,663.35,643.35,660.0,245442.0
2026-08-27,TIRUMALCHM,160.05,163.03,157.61,159.58,565736.0
2026-08-27,TITAGARH,834.0,845.0,827.0,831.15,449561.0
2026-08-27,TITAN,5100.0,5186.7,5069.5,5139.3,1101845.0
2026-08-27,TMB,897.6,903.6,882.15,893.85,118544.0
2026-08-27,TMCV,483.75,483.75,468.3,473.1,10010513.0
2026-08-27,TMPV,315.0,319.6,314.15,316.0,8028070.0
2026-08-27,TNIDETF,90.7,91.8,90.5,90.97,79177.0
2026-08-27,TNPETRO,113.5,114.0,108.3,109.12,494399.0
2026-08-27,TNPL,141.0,143.2,139.11,139.91,253935.0
2026-08-27,TNTELE,9.01,9.4,8.87,8.91,13530.0
2026-08-27,TOKYOPLAST,76.0,77.5,74.8,77.25,1365.0
2026-08-27,TOLINS,96.01,97.64,94.99,95.29,48675.0
2026-08-27,TOP100CASE,10.92,10.92,10.6,10.65,651028.0
2026-08-27,TOP10ADD,88.3,88.3,87.66,87.89,125196.0
2026-08-27,TOP15IETF,10.02,10.02,9.89,9.91,61915.0
2026-08-27,TOP20,9.02,9.12,8.95,8.95,27883.0
2026-08-27,TORNTPHARM,4885.0,4999.0,4877.5,4999.0,317547.0
2026-08-27,TORNTPOWER,1262.5,1262.9,1227.0,1230.1,282272.0
2026-08-27,TOTAL,73.05,73.05,68.2,69.57,10783.0
2026-08-27,TOUCHWOOD,63.5,63.5,60.5,61.0,2552.0
2026-08-27,TOYAMSL,0.65,0.65,0.62,0.62,322140.0
2026-08-27,TPLPLASTEH,79.03,79.03,77.0,77.44,119271.0
2026-08-27,TRACXN,29.6,30.25,29.6,30.06,92527.0
2026-08-27,TRANSCOR,25.49,26.25,24.1,25.95,10945.0
2026-08-27,TRANSRAILL,462.75,465.25,457.1,458.5,192951.0
2026-08-27,TRAVELFOOD,1287.8,1416.5,1287.8,1333.9,538246.0
2026-08-27,TREEHOUSE,6.33,6.33,6.04,6.28,19335.0
2026-08-27,TREJHARA,148.54,152.87,147.27,149.89,11319.0
2026-08-27,TREL,26.39,27.03,25.82,26.49,77679.0
2026-08-27,TRENT,2908.2,2923.5,2868.2,2878.5,591208.0
2026-08-27,TRF,231.66,231.99,229.0,229.22,4991.0
2026-08-27,TRIDENT,24.45,24.55,24.35,24.38,2020489.0
2026-08-27,TRIGYN,61.0,61.45,59.04,60.09,34212.0
2026-08-27,TRITONV,1139.3,1175.0,1121.0,1144.9,4057.0
2026-08-27,TRITURBINE,575.05,604.05,575.05,583.45,1852490.0
2026-08-27,TRIVENI,286.0,289.9,281.28,282.21,752847.0
2026-08-27,TRU,4.04,4.22,3.95,4.04,210414.0
2026-08-27,TRUALT,444.5,444.6,432.3,433.85,73493.0
2026-08-27,TSFINV,410.95,412.5,399.15,404.2,46649.0
2026-08-27,TTKHLTCARE,1099.0,1101.2,1075.5,1080.2,11390.0
2026-08-27,TTKPRESTIG,614.4,614.4,603.85,606.9,42507.0
2026-08-27,TTL,6.7,6.9,6.31,6.53,501845.0
2026-08-27,TTML,37.5,37.68,36.3,36.46,1480267.0
2026-08-27,TURTLEMINT,146.81,155.0,146.36,153.64,2249566.0
2026-08-27,TUTIALKA,58.89,62.7,56.9,59.04,31516.0
2026-08-27,TVSELECT,444.0,448.0,438.2,443.05,18350.0
2026-08-27,TVSHLTD,13546.0,13619.0,13276.0,13434.0,7150.0
2026-08-27,TVSMOTOR,4469.0,4469.0,4366.6,4409.8,579869.0
2026-08-27,TVSSCS,132.78,132.82,129.5,130.79,721741.0
2026-08-27,TVSSRICHAK,5310.9,5310.9,5155.0,5244.5,27296.0
2026-08-27,TVTODAY,115.16,115.16,113.0,113.13,17247.0
2026-08-27,TWCGOLDETF,158.14,158.14,154.92,156.6,50590.0
2026-08-27,UBL,1345.1,1351.3,1339.1,1346.6,29122.0
2026-08-27,UCOBANK,26.12,26.23,25.45,25.49,4071522.0
2026-08-27,UDAYJEW,130.0,147.2,129.1,143.28,705.0
2026-08-27,UDS,222.15,223.44,218.11,221.82,412890.0
2026-08-27,UEL,180.32,180.32,180.32,180.32,5389.0
2026-08-27,UFLEX,655.0,660.5,627.0,631.0,269326.0
2026-08-27,UFO,66.01,66.59,65.15,65.54,19386.0
2026-08-27,UGARSUGAR,54.76,55.9,50.15,50.7,759395.0
2026-08-27,UGROCAP,87.44,88.8,86.68,87.22,78155.0
2026-08-27,UJJIVANSFB,69.2,69.82,67.81,68.57,14648450.0
2026-08-27,ULTRACEMCO,11674.0,11815.0,11674.0,11717.0,319993.0
2026-08-27,ULTRAMAR,434.9,435.0,421.05,423.3,45873.0
2026-08-27,UMESLTD,5.72,5.72,5.05,5.14,126042.0
2026-08-27,UMIYA-MRO,88.22,90.8,88.22,88.68,7142.0
2026-08-27,UNICHEMLAB,530.3,545.0,521.2,539.75,102231.0
2026-08-27,UNIECOM,85.45,85.8,83.8,84.0,147802.0
2026-08-27,UNIENTER,97.98,97.98,93.8,96.04,6228.0
2026-08-27,UNIINFO,10.93,11.0,10.39,10.97,4881.0
2026-08-27,UNIMECH,1507.7,1527.7,1471.0,1485.4,123211.0
2026-08-27,UNIONBANK,189.0,189.64,184.08,184.5,6999263.0
2026-08-27,UNIONGOLD,158.25,158.25,152.0,153.1,4039.0
2026-08-27,UNIPARTS,806.2,824.0,801.0,808.3,120396.0
2026-08-27,UNITDSPR,1531.0,1531.9,1507.7,1522.0,717436.0
2026-08-27,UNITECH,4.0,4.02,3.9,3.92,4084051.0
2026-08-27,UNITEDPOLY,37.3,37.99,36.4,37.44,137274.0
2026-08-27,UNITEDTEA,462.0,463.0,451.7,454.9,2733.0
2026-08-27,UNIVCABLES,1576.0,1624.6,1564.8,1607.3,91786.0
2026-08-27,UNOMINDA,1266.3,1285.0,1252.1,1280.0,778534.0
2026-08-27,UPHOT,1350.0,1397.0,1350.0,1397.0,37.0
2026-08-27,UPL,587.8,591.0,578.1,578.1,1266550.0
2026-08-27,URBANCO,166.0,170.68,165.3,167.36,7134291.0
2026-08-27,URJA,9.2,9.38,9.2,9.25,416027.0
2026-08-27,USHAMART,495.9,495.9,479.95,489.15,514767.0
2026-08-27,USK,21.46,21.86,21.01,21.31,9962.0
2026-08-27,UTIAMC,897.2,899.0,889.0,890.7,122786.0
2026-08-27,UTKARSHBNK,15.0,15.1,14.87,14.92,4463747.0
2026-08-27,UTLSOLAR,447.8,452.8,440.2,443.35,143124.0
2026-08-27,UTTAMSUGAR,314.25,321.86,296.2,298.34,352684.0
2026-08-27,V2RETAIL,220.0,223.0,219.11,222.4,929035.0
2026-08-27,VADILALIND,7401.0,7480.0,7401.0,7444.5,6764.0
2026-08-27,VAIBHAVGBL,224.65,225.4,221.5,222.2,130477.0
2026-08-27,VAISHALI,8.0,8.35,7.82,8.33,125534.0
2026-08-27,VAKRANGEE,6.02,6.05,5.9,5.92,930460.0
2026-08-27,VAL30IETF,15.34,15.34,15.16,15.21,200473.0
2026-08-27,VALIANTLAB,107.87,109.2,103.0,104.89,363930.0
2026-08-27,VALUE,16.33,16.33,16.1,16.13,52341.0
2026-08-27,VALUEAXIS,34.05,34.05,32.7,32.77,69748.0
2026-08-27,VAML,464.9,467.6,452.1,454.45,8948764.0
2026-08-27,VARDMNPOLY,6.18,6.18,5.96,6.01,140266.0
2026-08-27,VARROC,812.55,840.8,806.3,813.15,406477.0
2026-08-27,VASCONEQ,31.11,31.5,30.66,30.78,200761.0
2026-08-27,VASWANI,49.59,49.99,47.53,48.42,32341.0
2026-08-27,VBL,423.55,425.05,415.75,418.75,11988613.0
2026-08-27,VEDAVAAG,18.87,18.9,18.21,18.36,13071.0
2026-08-27,VEDL,289.0,291.0,279.2,281.0,13441814.0
2026-08-27,VEDPOWER,37.6,38.35,37.25,37.5,19385875.0
2026-08-27,VEEDOL,1519.9,1519.9,1488.0,1491.5,5623.0
2026-08-27,VENKEYS,1598.0,1621.3,1565.1,1575.6,51334.0
2026-08-27,VENTIVE,605.45,605.45,581.0,583.5,19764.0
2026-08-27,VENUSPIPES,1647.0,1672.0,1608.0,1653.8,139211.0
2026-08-27,VERANDA,246.05,248.0,240.5,243.55,231508.0
2026-08-27,VESUVIUS,424.0,428.6,420.6,422.4,59366.0
2026-08-27,VGCL,56.85,59.9,55.09,59.38,10993.0
2026-08-27,VGL,58.45,58.45,56.31,56.85,9107.0
2026-08-27,VGUARD,328.5,335.4,328.5,331.5,284767.0
2026-08-27,VHL,3431.0,3474.3,3380.0,3392.3,644.0
2026-08-27,VIDHIING,341.15,356.95,338.4,350.1,135580.0
2026-08-27,VIDYAWIRES,86.92,87.75,85.63,85.8,529772.0
2026-08-27,VIJAYA,1487.0,1489.0,1464.1,1472.4,53540.0
2026-08-27,VIJSOLX,690.05,698.5,690.05,696.0,356.0
2026-08-27,VIKASECO,1.09,1.16,1.08,1.14,4929662.0
2026-08-27,VIKASLIFE,1.33,1.38,1.33,1.36,4227799.0
2026-08-27,VIKRAMSOLR,172.14,176.3,171.03,172.01,2177845.0
2026-08-27,VIKRAN,59.5,61.6,59.2,59.47,2955039.0
2026-08-27,VIMTALABS,632.1,636.0,611.25,615.0,126269.0
2026-08-27,VINATIORGA,1324.0,1334.1,1315.0,1318.4,18669.0
2026-08-27,VINCOFE,164.11,179.0,164.11,174.65,9713496.0
2026-08-27,VINDHYATEL,2400.0,2590.0,2390.1,2530.5,150595.0
2026-08-27,VINEETLAB,39.02,39.48,38.01,39.01,70176.0
2026-08-27,VINNY,1.06,1.07,1.04,1.04,336724.0
2026-08-27,VINYLINDIA,236.0,237.98,234.0,234.75,4908.0
2026-08-27,VIPCLOTHNG,20.23,20.79,20.23,20.38,24546.0
2026-08-27,VIPIND,309.85,311.0,301.15,304.3,232543.0
2026-08-27,VIRAT,435.0,445.0,429.95,442.05,10945.0
2026-08-27,VIRINCHI,15.12,15.48,14.6,15.1,90020.0
2026-08-27,VIRTUALG,0.53,0.53,0.51,0.51,122565.0
2026-08-27,VISACHROME,37.0,37.99,36.0,37.21,4085526.0
2026-08-27,VISAKAIND,91.9,93.55,90.5,91.02,172187.0
2026-08-27,VISHAL,18.28,19.3,18.28,18.7,58414.0
2026-08-27,VISHNU,640.45,657.95,635.0,647.85,111588.0
2026-08-27,VISHWARAJ,6.23,6.39,5.9,5.92,783099.0
2026-08-27,VISL,38.9,40.38,38.22,38.85,57698620.0
2026-08-27,VIVIDHA,0.52,0.52,0.51,0.52,83499.0
2026-08-27,VIVOBIOT,18.5,18.98,17.51,18.8,27829.0
2026-08-27,VIYASH,264.0,265.0,258.0,259.5,8009140.0
2026-08-27,VLSFINANCE,245.75,251.0,244.35,246.25,12216.0
2026-08-27,VMART,845.0,854.75,834.55,836.05,76410.0
2026-08-27,VMM,110.0,110.35,107.5,108.0,7577445.0
2026-08-27,VMSTMT,47.44,47.44,46.25,46.26,11380.0
2026-08-27,VOEPL,566.8,578.0,556.0,572.7,291096.0
2026-08-27,VOGL,41.89,43.3,41.27,41.98,100784349.0
2026-08-27,VOITHPAPR,1474.9,1500.0,1450.0,1459.8,849.0
2026-08-27,VOLTAMP,10700.0,11378.5,10700.0,11228.5,56167.0
2026-08-27,VOLTAS,1225.0,1235.6,1211.6,1217.5,760364.0
2026-08-27,VPRPL,33.17,33.45,31.82,32.99,291162.0
2026-08-27,VRAJ,122.66,128.0,122.59,127.19,28735.0
2026-08-27,VRLLOG,286.0,295.5,285.05,293.9,175551.0
2026-08-27,VSSL,370.4,370.45,354.1,358.05,127105.0
2026-08-27,VSTIND,211.95,211.95,210.0,211.23,101422.0
2026-08-27,VSTL,112.1,113.5,111.15,112.63,7077.0
2026-08-27,VSTTILLERS,4438.2,4438.5,4365.5,4375.0,3441.0
2026-08-27,VTL,603.0,607.5,592.65,594.6,155966.0
2026-08-27,VTMLTD,54.47,57.8,53.3,56.47,86749.0
2026-08-27,WAAREEENER,2637.6,2649.9,2611.0,2624.0,332552.0
2026-08-27,WAAREEINDO,275.15,277.0,271.0,272.9,55525.0
2026-08-27,WAAREERTL,889.95,894.7,870.65,874.95,102752.0
2026-08-27,WABAG,2161.0,2215.0,2120.0,2133.9,1166272.0
2026-08-27,WAKEFIT,144.83,148.84,143.08,147.72,1090896.0
2026-08-27,WALCHANNAG,220.2,230.99,220.2,222.26,902632.0
2026-08-27,WANBURY,260.55,264.15,253.5,254.65,179235.0
2026-08-27,WARDINMOBI,6.08,6.08,5.7,5.89,598577.0
2026-08-27,WATERBASE,48.32,49.5,48.01,48.76,27659.0
2026-08-27,WCIL,86.65,87.84,86.29,87.12,71591.0
2026-08-27,WEALTH,856.4,864.85,856.05,864.15,271.0
2026-08-27,WEBELSOLAR,78.55,80.7,76.8,77.29,2179657.0
2026-08-27,WEIZMANIND,75.3,76.99,75.0,75.6,401.0
2026-08-27,WEL,157.5,179.2,124.74,124.74,129566541.0
2026-08-27,WELCORP,2315.0,2437.3,2313.7,2405.8,4076090.0
2026-08-27,WELENT,689.9,696.4,675.0,676.6,258277.0
2026-08-27,WELSPLSOL,55.0,57.6,53.4,54.03,1948887.0
2026-08-27,WELSPUNLIV,190.11,192.8,187.6,192.29,2534490.0
2026-08-27,WENDT,8209.0,8516.5,8126.0,8376.0,14765.0
2026-08-27,WESTLIFE,570.0,570.25,553.45,563.25,59250.0
2026-08-27,WEWIN,46.99,46.99,46.0,46.21,111.0
2026-08-27,WEWORK,678.0,694.85,672.65,675.35,316546.0
2026-08-27,WHBRADY,499.8,524.9,481.05,492.2,236.0
2026-08-27,WHEELS,1486.0,1520.0,1483.0,1516.3,31125.0
2026-08-27,WHIRLPOOL,777.85,858.7,772.0,841.15,5452955.0
2026-08-27,WILLAMAGOR,24.0,24.35,24.0,24.1,90.0
2026-08-27,WINDLAS,988.3,1010.0,972.0,987.15,29843.0
2026-08-27,WINDMACHIN,309.9,310.0,301.1,303.95,35449.0
2026-08-27,WIPL,168.0,169.0,162.1,163.54,4191.0
2026-08-27,WIPRO,177.35,178.7,176.4,176.4,4695019.0
2026-08-27,WOCKPHARMA,1883.1,1987.0,1874.0,1962.0,1210241.0
2026-08-27,WONDERLA,515.2,547.0,515.0,542.25,318827.0
2026-08-27,WORTHPERI,157.49,158.15,152.01,153.38,6829.0
2026-08-27,WPIL,440.55,458.0,439.6,448.65,187664.0
2026-08-27,WSI,61.2,61.2,59.9,60.2,18658.0
2026-08-27,WSTCSTPAPR,614.0,638.95,604.4,606.85,439692.0
2026-08-27,XCHANGING,61.82,62.11,61.0,61.29,27470.0
2026-08-27,XELPMOC,81.01,83.6,79.01,81.09,9504.0
2026-08-27,XPROINDIA,1173.0,1180.0,1134.0,1137.1,35135.0
2026-08-27,XTGLOBAL,29.0,29.99,28.61,29.88,69117.0
2026-08-27,XTRANET,162.8,169.89,154.26,164.26,5164628.0
2026-08-27,YASHO,4400.0,4400.0,4240.0,4341.7,24392.0
2026-08-27,YATHARTH,968.0,982.0,942.75,973.05,684457.0
2026-08-27,YATRA,113.52,113.52,107.23,107.81,779798.0
2026-08-27,YESBANK,22.4,22.55,22.25,22.26,40844488.0
2026-08-27,YOGI,163.9,166.0,163.89,165.38,965.0
2026-08-27,YUKEN,939.0,951.0,923.0,928.7,8665.0
2026-08-27,ZAGGLE,190.07,196.39,187.57,189.43,1804121.0
2026-08-27,ZEEL,105.01,107.33,103.45,103.98,24740990.0
2026-08-27,ZEEMEDIA,8.93,9.09,8.55,8.61,2989191.0
2026-08-27,ZENITHSTL,5.53,5.53,5.35,5.4,60821.0
2026-08-27,ZENSARTECH,473.4,474.75,461.5,463.75,526320.0
2026-08-27,ZENTEC,1873.4,1873.6,1816.3,1825.6,281461.0
2026-08-27,ZFCVINDIA,2575.6,2601.8,2545.1,2570.5,65894.0
2026-08-27,ZFSTEERING,678.0,678.0,670.0,671.25,1786.0
2026-08-27,ZIMLAB,126.41,130.4,125.0,125.21,40646.0
2026-08-27,ZODIAC,253.35,256.1,242.1,245.8,10402.0
2026-08-27,ZODIACLOTH,74.29,74.29,72.12,72.63,3734.0
2026-08-27,ZOTA,1080.6,1111.0,1080.0,1081.3,34014.0
2026-08-27,ZSARACOM,11270.0,11270.0,10960.0,11046.0,44.0
2026-08-27,ZUARI,236.75,237.82,230.02,230.83,57189.0
2026-08-27,ZUARIIND,275.9,284.0,269.25,270.85,49782.0
2026-08-27,ZYDUSLIFE,1160.0,1195.4,1142.1,1189.2,3168135.0
2026-08-27,ZYDUSWELL,529.2,537.7,528.95,535.2,208254.0
